algorithm,hit_rate,jfi,angle_degrees,traffic_type,num_servers,capacity,num_requests,run_id,skew_fraction,workload_mode
Optimal_QLRU,0.0768,0.9999172189315235,0.5213076982821097,irm,2,1000,10000,5,0.0,uniform
qlearning_balancer[qlearn],0.1019,0.9873433447400671,6.459553634447458,irm,2,1000,10000,5,0.0,uniform
qlearning_balancer[lru],0.2061,0.9481809084383787,13.158054910686507,irm,2,1000,10000,5,0.0,uniform
qlearning_balancer[oracle],0.2073,0.9647162706105518,10.826734678945858,irm,2,1000,10000,5,0.0,uniform
qlearning_balancer[nocache],0.0,0.9797879491010684,8.17338178956649,irm,2,1000,10000,5,0.0,uniform
Optimal_QLRU,0.0467,0.9996235383470714,1.111757985976043,irm,2,1000,10000,10,0.0,uniform
qlearning_balancer[qlearn],0.1229,0.9960020688196576,3.6251843331662426,irm,2,1000,10000,10,0.0,uniform
qlearning_balancer[lru],0.1968,0.9979617360857364,2.5876199161688223,irm,2,1000,10000,10,0.0,uniform
qlearning_balancer[oracle],0.2006,0.9981246542324108,2.481984952775913,irm,2,1000,10000,10,0.0,uniform
qlearning_balancer[nocache],0.0,0.99974475450261,0.915419489223778,irm,2,1000,10000,10,0.0,uniform
Optimal_QLRU,0.0364,0.9999972429465527,0.09513611765176544,irm,2,1000,10000,8,0.0,uniform
qlearning_balancer[qlearn],0.1935,0.9988550822130121,1.9390664417744403,irm,2,1000,10000,8,0.0,uniform
qlearning_balancer[lru],0.1896,0.9993202761227156,1.4939570351946727,irm,2,1000,10000,8,0.0,uniform
qlearning_balancer[oracle],0.1881,0.9999837403656218,0.23103575542830904,irm,2,1000,10000,8,0.0,uniform
qlearning_balancer[nocache],0.0,0.987678092016,6.373200179190802,irm,2,1000,10000,8,0.0,uniform
Optimal_QLRU,0.042,0.999858415017787,0.6817756349268111,irm,2,1000,10000,11,0.0,uniform
qlearning_balancer[qlearn],0.1263,0.9764750727700999,8.822759667094676,irm,2,1000,10000,11,0.0,uniform
qlearning_balancer[lru],0.1977,0.9885925817930723,6.131200043675196,irm,2,1000,10000,11,0.0,uniform
qlearning_balancer[oracle],0.2002,0.9890829641167257,5.997474153064608,irm,2,1000,10000,11,0.0,uniform
qlearning_balancer[nocache],0.0,0.9884194168643736,6.177740471194636,irm,2,1000,10000,11,0.0,uniform
Optimal_QLRU,0.0628,0.9999977685326212,0.08558902225060869,irm,2,1000,10000,0,0.0,uniform
qlearning_balancer[qlearn],0.1759,0.99982901262029,0.7492332424499623,irm,2,1000,10000,0,0.0,uniform
qlearning_balancer[lru],0.1976,0.9999266148331167,0.49083111670678,irm,2,1000,10000,0,0.0,uniform
qlearning_balancer[oracle],0.1957,0.9999048876543393,0.5587891480236166,irm,2,1000,10000,0,0.0,uniform
qlearning_balancer[nocache],0.0,0.997026163620923,3.126055296253068,irm,2,1000,10000,0,0.0,uniform
Optimal_QLRU,0.0705,0.999999062468597,0.05547733776106349,irm,2,1000,10000,2,0.0,uniform
qlearning_balancer[qlearn],0.1216,0.993174044685041,4.739141470823295,irm,2,1000,10000,2,0.0,uniform
qlearning_balancer[lru],0.1946,0.9930894140510601,4.7684973542118465,irm,2,1000,10000,2,0.0,uniform
qlearning_balancer[oracle],0.1928,0.9969055039428978,3.1889069051236074,irm,2,1000,10000,2,0.0,uniform
qlearning_balancer[nocache],0.0,0.9901870335557502,5.6850677558986185,irm,2,1000,10000,2,0.0,uniform
Optimal_QLRU,0.0862,0.9999700618679881,0.3134997139966735,irm,2,1000,10000,1,0.0,uniform
qlearning_balancer[qlearn],0.1106,0.9967962574026722,3.244767682148073,irm,2,1000,10000,1,0.0,uniform
qlearning_balancer[lru],0.1986,0.9982762345253552,2.379504720152875,irm,2,1000,10000,1,0.0,uniform
qlearning_balancer[oracle],0.2005,0.9929844239549735,4.804668362924131,irm,2,1000,10000,1,0.0,uniform
qlearning_balancer[nocache],0.0,0.9943634623201055,4.305639570045455,irm,2,1000,10000,1,0.0,uniform
Optimal_QLRU,0.0607,0.999946040725482,0.4208812602126333,irm,2,1000,10000,3,0.0,uniform
qlearning_balancer[qlearn],0.0987,0.9829440037650522,7.504184902195603,irm,2,1000,10000,3,0.0,uniform
qlearning_balancer[lru],0.2045,0.9869807443015078,6.551829800163337,irm,2,1000,10000,3,0.0,uniform
qlearning_balancer[oracle],0.203,0.9874924717166352,6.421224958551759,irm,2,1000,10000,3,0.0,uniform
qlearning_balancer[nocache],0.0,0.9895901492405464,5.856002680357349,irm,2,1000,10000,3,0.0,uniform
Optimal_QLRU,0.0535,0.9997455501859824,0.9139914238902,irm,2,1000,10000,7,0.0,uniform
qlearning_balancer[qlearn],0.0736,0.9994543340259058,1.3385221849522007,irm,2,1000,10000,7,0.0,uniform
qlearning_balancer[lru],0.1971,0.997087647651153,3.0935391693734693,irm,2,1000,10000,7,0.0,uniform
qlearning_balancer[oracle],0.1975,0.9986028459514069,2.1421306756579312,irm,2,1000,10000,7,0.0,uniform
qlearning_balancer[nocache],0.0,0.9997978649572361,0.8146256299855301,irm,2,1000,10000,7,0.0,uniform
Optimal_QLRU,0.0484,0.9999978355564451,0.0842938560795311,irm,2,1000,10000,4,0.0,uniform
qlearning_balancer[qlearn],0.1572,0.9771124013578977,8.701487237174103,irm,2,1000,10000,4,0.0,uniform
qlearning_balancer[lru],0.1937,0.9789483225600503,8.342604540001716,irm,2,1000,10000,4,0.0,uniform
qlearning_balancer[oracle],0.1927,0.9861510384146684,6.758320577121204,irm,2,1000,10000,4,0.0,uniform
qlearning_balancer[nocache],0.0,0.9737475731295575,9.324512504397044,irm,2,1000,10000,4,0.0,uniform
Optimal_QLRU,0.0813,0.9995310192718974,1.2408922794267059,irm,2,1000,10000,6,0.0,uniform
qlearning_balancer[qlearn],0.112,0.9964046472018263,3.4375891720531095,irm,2,1000,10000,6,0.0,uniform
qlearning_balancer[lru],0.1997,0.9880879649240382,6.265873559828423,irm,2,1000,10000,6,0.0,uniform
qlearning_balancer[oracle],0.2055,0.9896313575835054,5.844359978668366,irm,2,1000,10000,6,0.0,uniform
qlearning_balancer[nocache],0.0,0.9990786465832415,1.7394120328475684,irm,2,1000,10000,6,0.0,uniform
Optimal_QLRU,0.0298,0.9994672271880626,1.3226113046534567,irm,2,1000,10000,9,0.0,uniform
qlearning_balancer[qlearn],0.0896,0.9892649299563046,5.947099171440118,irm,2,1000,10000,9,0.0,uniform
qlearning_balancer[lru],0.1919,0.9813190223200102,7.855683287614904,irm,2,1000,10000,9,0.0,uniform
qlearning_balancer[oracle],0.1945,0.9866193286574191,6.642550987640183,irm,2,1000,10000,9,0.0,uniform
qlearning_balancer[nocache],0.0,0.9918501231762339,5.179523804754367,irm,2,1000,10000,9,0.0,uniform
Optimal_QLRU,0.0808,0.9992370151487664,1.5828356825673577,irm,2,1000,10000,12,0.0,uniform
qlearning_balancer[qlearn],0.1392,0.9882213519411377,6.230553482196136,irm,2,1000,10000,12,0.0,uniform
qlearning_balancer[lru],0.2075,0.9994683658436544,1.3211969386047702,irm,2,1000,10000,12,0.0,uniform
qlearning_balancer[oracle],0.2022,0.9948916482438999,4.098580591216262,irm,2,1000,10000,12,0.0,uniform
qlearning_balancer[nocache],0.0,0.9998828635374503,0.6201220351049597,irm,2,1000,10000,12,0.0,uniform
Optimal_QLRU,0.068,0.999697958228005,0.9958134827663893,irm,2,1000,10000,13,0.0,uniform
qlearning_balancer[qlearn],0.1084,0.9994394267756869,1.3566861497220815,irm,2,1000,10000,13,0.0,uniform
qlearning_balancer[lru],0.1873,0.9995468091101769,1.2198207771257956,irm,2,1000,10000,13,0.0,uniform
qlearning_balancer[oracle],0.1876,0.9999219738386019,0.5061140586666211,irm,2,1000,10000,13,0.0,uniform
qlearning_balancer[nocache],0.0,0.9975741478578254,2.8231278165437135,irm,2,1000,10000,13,0.0,uniform
Optimal_QLRU,0.0528,0.9994310339795561,1.3668063548393903,irm,2,1000,10000,14,0.0,uniform
qlearning_balancer[qlearn],0.1175,0.9624526767338399,11.172956284950946,irm,2,1000,10000,14,0.0,uniform
qlearning_balancer[lru],0.1952,0.981574406355498,7.801465081580223,irm,2,1000,10000,14,0.0,uniform
qlearning_balancer[oracle],0.1914,0.9800028676406272,8.129515534602856,irm,2,1000,10000,14,0.0,uniform
qlearning_balancer[nocache],0.0,0.9593553847223435,11.630836468765736,irm,2,1000,10000,14,0.0,uniform
Optimal_QLRU,0.0471,0.9991311586356819,1.6891016483214887,irm,2,1000,10000,15,0.0,uniform
qlearning_balancer[qlearn],0.1138,0.9996569252363464,1.061309018137153,irm,2,1000,10000,15,0.0,uniform
qlearning_balancer[lru],0.197,0.9998953482289533,0.5861428866968541,irm,2,1000,10000,15,0.0,uniform
qlearning_balancer[oracle],0.2,0.9999414282759261,0.43850129063452614,irm,2,1000,10000,15,0.0,uniform
qlearning_balancer[nocache],0.0,0.9991020666009875,1.71715583997917,irm,2,1000,10000,15,0.0,uniform
Optimal_QLRU,0.0634,0.9998518720338503,0.6973517334300602,irm,2,1000,10000,17,0.0,uniform
qlearning_balancer[qlearn],0.0844,0.981694698808302,7.775799215880835,irm,2,1000,10000,17,0.0,uniform
qlearning_balancer[lru],0.1976,0.9586790576074158,11.728568996072848,irm,2,1000,10000,17,0.0,uniform
qlearning_balancer[oracle],0.1987,0.9608495128126544,11.412127244719048,irm,2,1000,10000,17,0.0,uniform
qlearning_balancer[nocache],0.0,0.9828650713764537,7.521629142941776,irm,2,1000,10000,17,0.0,uniform
Optimal_QLRU,0.075,0.9994448780904441,1.3500722350402454,irm,2,1000,10000,18,0.0,uniform
qlearning_balancer[qlearn],0.0666,0.9489114054044078,13.063327524346802,irm,2,1000,10000,18,0.0,uniform
qlearning_balancer[lru],0.201,0.9653892323071676,10.72175484547089,irm,2,1000,10000,18,0.0,uniform
qlearning_balancer[oracle],0.1971,0.9597598279229036,11.572020189906969,irm,2,1000,10000,18,0.0,uniform
qlearning_balancer[nocache],0.0,0.9570950950000947,11.954508090939543,irm,2,1000,10000,18,0.0,uniform
Optimal_QLRU,0.0676,0.9997481108312343,0.9093804491989697,irm,2,1000,10000,16,0.0,uniform
qlearning_balancer[qlearn],0.0835,0.9993523795074403,1.4582427005642076,irm,2,1000,10000,16,0.0,uniform
qlearning_balancer[lru],0.2069,0.9952742851881214,3.941840433031381,irm,2,1000,10000,16,0.0,uniform
qlearning_balancer[oracle],0.2022,0.9931620339717038,4.743318595458137,irm,2,1000,10000,16,0.0,uniform
qlearning_balancer[nocache],0.0,0.9999639873276359,0.3438372416074815,irm,2,1000,10000,16,0.0,uniform
Optimal_QLRU,0.0463,0.9999777365844121,0.27034611973582645,irm,2,1000,10000,23,0.0,uniform
qlearning_balancer[qlearn],0.1476,0.9999731979826907,0.29662538443861974,irm,2,1000,10000,23,0.0,uniform
qlearning_balancer[lru],0.199,0.9898423386983086,5.784388926444993,irm,2,1000,10000,23,0.0,uniform
qlearning_balancer[oracle],0.1998,0.9827855697103584,7.5391593346667465,irm,2,1000,10000,23,0.0,uniform
qlearning_balancer[nocache],0.0,0.9967884344798043,3.2487310616254392,irm,2,1000,10000,23,0.0,uniform
Optimal_QLRU,0.0612,0.9994105222058408,1.39123032112423,irm,2,1000,10000,19,0.0,uniform
qlearning_balancer[qlearn],0.1648,0.9868213443892988,6.591992931620839,irm,2,1000,10000,19,0.0,uniform
qlearning_balancer[lru],0.1915,0.9941030612352926,4.404166224333397,irm,2,1000,10000,19,0.0,uniform
qlearning_balancer[oracle],0.1897,0.9936949681097279,4.554321742720682,irm,2,1000,10000,19,0.0,uniform
qlearning_balancer[nocache],0.0,0.9929734415431133,4.808436431626499,irm,2,1000,10000,19,0.0,uniform
Optimal_QLRU,0.0654,0.999969044224401,0.3187834144323442,irm,2,1000,10000,20,0.0,uniform
qlearning_balancer[qlearn],0.103,0.9759790542183845,8.916037733748539,irm,2,1000,10000,20,0.0,uniform
qlearning_balancer[lru],0.1986,0.991073519045487,5.421394604870028,irm,2,1000,10000,20,0.0,uniform
qlearning_balancer[oracle],0.1974,0.9719166105977616,9.647202587171195,irm,2,1000,10000,20,0.0,uniform
qlearning_balancer[nocache],0.0,0.9591085520532625,11.666594538490676,irm,2,1000,10000,20,0.0,uniform
Optimal_QLRU,0.0457,0.9990453165969315,1.7706040169551867,irm,2,1000,10000,21,0.0,uniform
qlearning_balancer[qlearn],0.114,0.9905209138681081,5.587202133875578,irm,2,1000,10000,21,0.0,uniform
qlearning_balancer[lru],0.203,0.9894726372898395,5.889078996900166,irm,2,1000,10000,21,0.0,uniform
qlearning_balancer[oracle],0.2016,0.98616267808471,6.755466649315589,irm,2,1000,10000,21,0.0,uniform
qlearning_balancer[nocache],0.0,0.9920310241003459,5.121561542114371,irm,2,1000,10000,21,0.0,uniform
Optimal_QLRU,0.0305,0.9977829634259717,2.698793567169146,irm,2,1000,10000,25,0.0,uniform
qlearning_balancer[qlearn],0.1327,0.996656264652331,3.3149799458984024,irm,2,1000,10000,25,0.0,uniform
qlearning_balancer[lru],0.2024,0.9721290865073007,9.610290966131638,irm,2,1000,10000,25,0.0,uniform
qlearning_balancer[oracle],0.2046,0.9857830621049892,6.847942871256448,irm,2,1000,10000,25,0.0,uniform
qlearning_balancer[nocache],0.0,0.976206513342144,8.873381043824256,irm,2,1000,10000,25,0.0,uniform
Optimal_QLRU,0.0494,0.9997167816894406,0.9642814193800431,irm,2,1000,10000,22,0.0,uniform
qlearning_balancer[qlearn],0.1585,0.983496601326724,7.380931567949185,irm,2,1000,10000,22,0.0,uniform
qlearning_balancer[lru],0.1929,0.9857123042822376,6.8650446708501764,irm,2,1000,10000,22,0.0,uniform
qlearning_balancer[oracle],0.1941,0.9874585712686547,6.429957791998736,irm,2,1000,10000,22,0.0,uniform
qlearning_balancer[nocache],0.0,0.976806805651519,8.759839668853099,irm,2,1000,10000,22,0.0,uniform
Optimal_QLRU,0.0693,0.9997368398273144,0.9295050716906649,irm,2,1000,10000,24,0.0,uniform
qlearning_balancer[qlearn],0.1464,0.9818384324167988,7.745023126077428,irm,2,1000,10000,24,0.0,uniform
qlearning_balancer[lru],0.1982,0.9961446946463521,3.5598481644428923,irm,2,1000,10000,24,0.0,uniform
qlearning_balancer[oracle],0.1972,0.9922740164431962,5.042667565009249,irm,2,1000,10000,24,0.0,uniform
qlearning_balancer[nocache],0.0,0.988155680472929,6.247967446439345,irm,2,1000,10000,24,0.0,uniform
Optimal_QLRU,0.0924,0.9988793468237263,1.9184010105968898,irm,2,1000,10000,27,0.0,uniform
qlearning_balancer[qlearn],0.1537,0.9997243874784001,0.9512442753593154,irm,2,1000,10000,27,0.0,uniform
qlearning_balancer[lru],0.1971,0.9995226266629853,1.2519479435502459,irm,2,1000,10000,27,0.0,uniform
qlearning_balancer[oracle],0.2026,0.9999647757909499,0.3400523707872139,irm,2,1000,10000,27,0.0,uniform
qlearning_balancer[nocache],0.0,0.9973700946830887,2.939566109242356,irm,2,1000,10000,27,0.0,uniform
Optimal_QLRU,0.0439,0.999994213092741,0.1378308112948695,irm,2,1000,10000,26,0.0,uniform
qlearning_balancer[qlearn],0.1259,0.9965481325432288,3.3682154180103527,irm,2,1000,10000,26,0.0,uniform
qlearning_balancer[lru],0.194,0.9870271926959733,6.540080860100064,irm,2,1000,10000,26,0.0,uniform
qlearning_balancer[oracle],0.1953,0.9875006582813465,6.419114329681238,irm,2,1000,10000,26,0.0,uniform
qlearning_balancer[nocache],0.0,0.9987161138381611,2.053425098174433,irm,2,1000,10000,26,0.0,uniform
Optimal_QLRU,0.0994,0.9970432912395745,3.117031222821056,irm,10,1000,10000,2,0.0,uniform
qlearning_balancer[qlearn],0.1144,0.8932124915884171,19.0736677371901,irm,10,1000,10000,2,0.0,uniform
qlearning_balancer[lru],0.1946,0.8793441693627138,20.325649609129766,irm,10,1000,10000,2,0.0,uniform
qlearning_balancer[oracle],0.1326,0.8981779514998215,18.608243840238053,irm,10,1000,10000,2,0.0,uniform
qlearning_balancer[nocache],0.0,0.9233481812014077,16.07292741547053,irm,10,1000,10000,2,0.0,uniform
Optimal_QLRU,0.0865,0.9989790324864836,1.8310597740341923,irm,10,1000,10000,6,0.0,uniform
qlearning_balancer[qlearn],0.143,0.9551209662037463,12.230596885635041,irm,10,1000,10000,6,0.0,uniform
qlearning_balancer[lru],0.1997,0.9341447722321697,14.869761080669958,irm,10,1000,10000,6,0.0,uniform
qlearning_balancer[oracle],0.1457,0.9654114344197862,10.718274701073188,irm,10,1000,10000,6,0.0,uniform
qlearning_balancer[nocache],0.0,0.9404072059875648,14.129618987074805,irm,10,1000,10000,6,0.0,uniform
Optimal_QLRU,0.0846,0.9999480191377401,0.41309328427498465,irm,2,1000,10000,28,0.0,uniform
qlearning_balancer[qlearn],0.1356,0.9877021196656658,6.366957565390949,irm,2,1000,10000,28,0.0,uniform
qlearning_balancer[lru],0.1941,0.9803201640446351,8.064328961962975,irm,2,1000,10000,28,0.0,uniform
qlearning_balancer[oracle],0.1985,0.9853882476945732,6.942839563198973,irm,2,1000,10000,28,0.0,uniform
qlearning_balancer[nocache],0.0,0.9734368487654096,9.380028128267769,irm,2,1000,10000,28,0.0,uniform
Optimal_QLRU,0.0967,0.9978725324557397,2.643675922067989,irm,10,1000,10000,5,0.0,uniform
qlearning_balancer[qlearn],0.0861,0.8332708244888501,24.09964726880213,irm,10,1000,10000,5,0.0,uniform
qlearning_balancer[lru],0.2061,0.8485453375342084,22.90297399895197,irm,10,1000,10000,5,0.0,uniform
qlearning_balancer[oracle],0.134,0.8032610544827715,26.33077429496283,irm,10,1000,10000,5,0.0,uniform
qlearning_balancer[nocache],0.0,0.8587508358235523,22.0757014144965,irm,10,1000,10000,5,0.0,uniform
Optimal_QLRU,0.0899,0.996371111851853,3.4536032270405284,irm,10,1000,10000,8,0.0,uniform
qlearning_balancer[qlearn],0.1312,0.9114591759594947,17.310995945828815,irm,10,1000,10000,8,0.0,uniform
qlearning_balancer[lru],0.1896,0.9359791103611724,14.656499526460877,irm,10,1000,10000,8,0.0,uniform
qlearning_balancer[oracle],0.1308,0.916021377161997,16.845423168447,irm,10,1000,10000,8,0.0,uniform
qlearning_balancer[nocache],0.0,0.9067775310345627,17.777630382403544,irm,10,1000,10000,8,0.0,uniform
Optimal_QLRU,0.0766,0.9994429537470163,1.3524106734422872,irm,2,1000,10000,29,0.0,uniform
qlearning_balancer[qlearn],0.0784,0.9995415172581297,1.2269230354727092,irm,2,1000,10000,29,0.0,uniform
qlearning_balancer[lru],0.1977,0.9998346872046516,0.7366951889840775,irm,2,1000,10000,29,0.0,uniform
qlearning_balancer[oracle],0.1995,0.9999637739660845,0.3448543029138767,irm,2,1000,10000,29,0.0,uniform
qlearning_balancer[nocache],0.0,0.9999783360674148,0.2666814748566251,irm,2,1000,10000,29,0.0,uniform
Optimal_QLRU,0.0603,0.9972836031027692,2.9875560422095733,irm,10,1000,10000,0,0.0,uniform
qlearning_balancer[qlearn],0.1176,0.8304206498910137,24.3179666524092,irm,10,1000,10000,0,0.0,uniform
qlearning_balancer[lru],0.1976,0.8649243610910278,21.563143299538147,irm,10,1000,10000,0,0.0,uniform
qlearning_balancer[oracle],0.1409,0.8611539610104064,21.877321519308577,irm,10,1000,10000,0,0.0,uniform
qlearning_balancer[nocache],0.0,0.8525740961755225,22.579241235700703,irm,10,1000,10000,0,0.0,uniform
Optimal_QLRU,0.1039,0.9977199044320275,2.73693406224492,irm,10,1000,10000,1,0.0,uniform
qlearning_balancer[qlearn],0.0987,0.8393562461433736,23.628442804511973,irm,10,1000,10000,1,0.0,uniform
qlearning_balancer[lru],0.1986,0.8425651091952144,23.377075526278247,irm,10,1000,10000,1,0.0,uniform
qlearning_balancer[oracle],0.1414,0.8412860585204034,23.477517109567305,irm,10,1000,10000,1,0.0,uniform
qlearning_balancer[nocache],0.0,0.8468316520712802,23.039602347113426,irm,10,1000,10000,1,0.0,uniform
Optimal_QLRU,0.0996,0.9973348804125939,2.95919837327267,irm,10,1000,10000,4,0.0,uniform
qlearning_balancer[qlearn],0.0791,0.8862804961018216,19.707787985336356,irm,10,1000,10000,4,0.0,uniform
qlearning_balancer[lru],0.1937,0.8924434920757319,19.144886556761367,irm,10,1000,10000,4,0.0,uniform
qlearning_balancer[oracle],0.1363,0.8514191003673075,22.67242044514528,irm,10,1000,10000,4,0.0,uniform
qlearning_balancer[nocache],0.0,0.8855488967353672,19.773713825411214,irm,10,1000,10000,4,0.0,uniform
Optimal_QLRU,0.0901,0.9972429884646827,3.0098280494899647,irm,10,1000,10000,7,0.0,uniform
qlearning_balancer[qlearn],0.0635,0.8927427044274248,19.11720252136236,irm,10,1000,10000,7,0.0,uniform
qlearning_balancer[lru],0.1971,0.8713496513350143,21.019067389131877,irm,10,1000,10000,7,0.0,uniform
qlearning_balancer[oracle],0.1436,0.8627883010082675,21.74158226169848,irm,10,1000,10000,7,0.0,uniform
qlearning_balancer[nocache],0.0,0.8931140056858453,19.082801315520218,irm,10,1000,10000,7,0.0,uniform
Optimal_QLRU,0.0921,0.9969855270123771,3.1473625078276353,irm,10,1000,10000,3,0.0,uniform
qlearning_balancer[qlearn],0.1177,0.9053947529208374,17.913429928806675,irm,10,1000,10000,3,0.0,uniform
qlearning_balancer[lru],0.2045,0.859238574942983,22.03555309034194,irm,10,1000,10000,3,0.0,uniform
qlearning_balancer[oracle],0.1398,0.8569798100566647,22.220999492266365,irm,10,1000,10000,3,0.0,uniform
qlearning_balancer[nocache],0.0,0.9162664363762222,16.82009436803386,irm,10,1000,10000,3,0.0,uniform
Optimal_QLRU,0.085,0.9953986183728073,3.8895591639082077,irm,10,1000,10000,9,0.0,uniform
qlearning_balancer[qlearn],0.1504,0.9176133398820857,16.680275489589985,irm,10,1000,10000,9,0.0,uniform
qlearning_balancer[lru],0.1919,0.909922371174561,17.465372557038396,irm,10,1000,10000,9,0.0,uniform
qlearning_balancer[oracle],0.1317,0.9217260589603664,16.246764780948798,irm,10,1000,10000,9,0.0,uniform
qlearning_balancer[nocache],0.0,0.9365540904773754,14.589067965247812,irm,10,1000,10000,9,0.0,uniform
Optimal_QLRU,0.0762,0.9984063991119936,2.287851490860566,irm,10,1000,10000,10,0.0,uniform
qlearning_balancer[qlearn],0.181,0.8204425930836039,25.071071343360817,irm,10,1000,10000,10,0.0,uniform
qlearning_balancer[lru],0.1968,0.8543774536690039,22.433149371550424,irm,10,1000,10000,10,0.0,uniform
qlearning_balancer[oracle],0.142,0.8572665658259282,22.197524667814214,irm,10,1000,10000,10,0.0,uniform
qlearning_balancer[nocache],0.0,0.8732822648254442,20.85317162537544,irm,10,1000,10000,10,0.0,uniform
Optimal_QLRU,0.084,0.9949272767373306,4.0842383455881635,irm,10,1000,10000,12,0.0,uniform
qlearning_balancer[qlearn],0.1662,0.8349019268666329,23.97403602721224,irm,10,1000,10000,12,0.0,uniform
qlearning_balancer[lru],0.2075,0.834241223055007,24.024976477955665,irm,10,1000,10000,12,0.0,uniform
qlearning_balancer[oracle],0.1489,0.8637286339770236,21.66317536861725,irm,10,1000,10000,12,0.0,uniform
qlearning_balancer[nocache],0.0,0.9151169414850786,16.93861453123592,irm,10,1000,10000,12,0.0,uniform
Optimal_QLRU,0.0858,0.9972363424970808,3.013456910250843,irm,10,1000,10000,11,0.0,uniform
qlearning_balancer[qlearn],0.1057,0.9090535019131619,17.552127962836956,irm,10,1000,10000,11,0.0,uniform
qlearning_balancer[lru],0.1977,0.943573908589049,13.741498791092933,irm,10,1000,10000,11,0.0,uniform
qlearning_balancer[oracle],0.1423,0.8886209332966116,19.495633800532293,irm,10,1000,10000,11,0.0,uniform
qlearning_balancer[nocache],0.0,0.921135823628763,16.309608430300937,irm,10,1000,10000,11,0.0,uniform
Optimal_QLRU,0.0942,0.9973503300417892,2.950601096050699,irm,10,1000,10000,18,0.0,uniform
qlearning_balancer[qlearn],0.0686,0.9011266706135966,18.327088719114784,irm,10,1000,10000,18,0.0,uniform
qlearning_balancer[lru],0.201,0.9155461966236476,16.894441368680713,irm,10,1000,10000,18,0.0,uniform
qlearning_balancer[oracle],0.141,0.9104619300047853,17.411308552319014,irm,10,1000,10000,18,0.0,uniform
qlearning_balancer[nocache],0.0,0.893625437836701,19.03533067748688,irm,10,1000,10000,18,0.0,uniform
Optimal_QLRU,0.0975,0.9952029630306624,3.9715222374393004,irm,10,1000,10000,17,0.0,uniform
qlearning_balancer[qlearn],0.128,0.8876208792718965,19.586521810135817,irm,10,1000,10000,17,0.0,uniform
qlearning_balancer[lru],0.1976,0.8771353983025778,20.519152840098965,irm,10,1000,10000,17,0.0,uniform
qlearning_balancer[oracle],0.1384,0.8673639323256347,21.35788698763399,irm,10,1000,10000,17,0.0,uniform
qlearning_balancer[nocache],0.0,0.9108010162468596,17.377256808079878,irm,10,1000,10000,17,0.0,uniform
Optimal_QLRU,0.0764,0.9990702607589232,1.7473122949807423,irm,10,1000,10000,13,0.0,uniform
qlearning_balancer[qlearn],0.116,0.8932135578724612,19.07356882976841,irm,10,1000,10000,13,0.0,uniform
qlearning_balancer[lru],0.1873,0.8806566588651172,20.20994286597455,irm,10,1000,10000,13,0.0,uniform
qlearning_balancer[oracle],0.1278,0.8816125669353441,20.125325257986162,irm,10,1000,10000,13,0.0,uniform
qlearning_balancer[nocache],0.0,0.8720082835857331,20.962650549610004,irm,10,1000,10000,13,0.0,uniform
Optimal_QLRU,0.0758,0.999049357255277,1.7668518486368103,irm,10,1000,10000,14,0.0,uniform
qlearning_balancer[qlearn],0.1792,0.8871534110996424,19.62888555569664,irm,10,1000,10000,14,0.0,uniform
qlearning_balancer[lru],0.1952,0.9004197406205944,18.394829076108426,irm,10,1000,10000,14,0.0,uniform
qlearning_balancer[oracle],0.1314,0.8874749399023403,19.59975563718357,irm,10,1000,10000,14,0.0,uniform
qlearning_balancer[nocache],0.0,0.9275685791490568,15.61255462771409,irm,10,1000,10000,14,0.0,uniform
Optimal_QLRU,0.0905,0.9982611683293084,2.389886876499411,irm,10,1000,10000,15,0.0,uniform
qlearning_balancer[qlearn],0.1047,0.9703538091324823,9.914633394566687,irm,10,1000,10000,15,0.0,uniform
qlearning_balancer[lru],0.197,0.9672981855102608,10.418483280473415,irm,10,1000,10000,15,0.0,uniform
qlearning_balancer[oracle],0.1422,0.9661984274181882,10.594211185995107,irm,10,1000,10000,15,0.0,uniform
qlearning_balancer[nocache],0.0,0.9817053789136652,7.773516490378845,irm,10,1000,10000,15,0.0,uniform
Optimal_QLRU,0.0727,0.9945988276742171,4.214619534482039,irm,10,1000,10000,16,0.0,uniform
qlearning_balancer[qlearn],0.1612,0.9145724002098519,16.994505851531745,irm,10,1000,10000,16,0.0,uniform
qlearning_balancer[lru],0.2069,0.9387021363764336,14.334594854150915,irm,10,1000,10000,16,0.0,uniform
qlearning_balancer[oracle],0.1401,0.8970647192438524,18.713446957424825,irm,10,1000,10000,16,0.0,uniform
qlearning_balancer[nocache],0.0,0.8772682869013584,20.50755346264899,irm,10,1000,10000,16,0.0,uniform
Optimal_QLRU,0.0735,0.9962454619826695,3.512958529282946,irm,10,1000,10000,22,0.0,uniform
qlearning_balancer[qlearn],0.1728,0.9162034776527187,16.826604858714134,irm,10,1000,10000,22,0.0,uniform
qlearning_balancer[lru],0.1929,0.9185174286634649,16.58584010195157,irm,10,1000,10000,22,0.0,uniform
qlearning_balancer[oracle],0.1412,0.9437746042836009,13.716560520207604,irm,10,1000,10000,22,0.0,uniform
qlearning_balancer[nocache],0.0,0.9100738554540994,17.450208542711902,irm,10,1000,10000,22,0.0,uniform
Optimal_QLRU,0.0945,0.9986406978510225,2.1129006309572644,irm,10,1000,10000,19,0.0,uniform
qlearning_balancer[qlearn],0.1067,0.9017678230626611,18.265464710900915,irm,10,1000,10000,19,0.0,uniform
qlearning_balancer[lru],0.1915,0.9364804720935069,14.597717510533775,irm,10,1000,10000,19,0.0,uniform
qlearning_balancer[oracle],0.1377,0.9317138154163926,15.148178334065893,irm,10,1000,10000,19,0.0,uniform
qlearning_balancer[nocache],0.0,0.9131586457135301,17.138863712321495,irm,10,1000,10000,19,0.0,uniform
Optimal_QLRU,0.0847,0.9952561592734714,3.9494048167543587,irm,10,1000,10000,20,0.0,uniform
qlearning_balancer[qlearn],0.1045,0.8906229578055886,19.312603884810045,irm,10,1000,10000,20,0.0,uniform
qlearning_balancer[lru],0.1986,0.8598376552796619,21.98616000984186,irm,10,1000,10000,20,0.0,uniform
qlearning_balancer[oracle],0.1391,0.8364710108054634,23.852730221330038,irm,10,1000,10000,20,0.0,uniform
qlearning_balancer[nocache],0.0,0.9005166487124369,18.385555706678602,irm,10,1000,10000,20,0.0,uniform
Optimal_QLRU,0.0816,0.9986738475258549,2.0869661220428966,irm,10,1000,10000,23,0.0,uniform
qlearning_balancer[qlearn],0.0719,0.9079729446254954,17.659501541772524,irm,10,1000,10000,23,0.0,uniform
qlearning_balancer[lru],0.199,0.9086542670482859,17.591865891616745,irm,10,1000,10000,23,0.0,uniform
qlearning_balancer[oracle],0.1353,0.8787035761984664,20.38192585467779,irm,10,1000,10000,23,0.0,uniform
qlearning_balancer[nocache],0.0,0.9114999604314673,17.30688262814564,irm,10,1000,10000,23,0.0,uniform
Optimal_QLRU,0.1033,0.9984676487129285,2.2434313206905134,irm,10,1000,10000,21,0.0,uniform
qlearning_balancer[qlearn],0.1222,0.9286419334541859,15.49351503282232,irm,10,1000,10000,21,0.0,uniform
qlearning_balancer[lru],0.203,0.9130622818621964,17.148664509506368,irm,10,1000,10000,21,0.0,uniform
qlearning_balancer[oracle],0.1346,0.9273286658949853,15.639050563231049,irm,10,1000,10000,21,0.0,uniform
qlearning_balancer[nocache],0.0,0.9375647156446867,14.469851260363559,irm,10,1000,10000,21,0.0,uniform
Optimal_QLRU,0.1078,0.9987822202347478,1.9998397405973694,irm,10,1000,10000,25,0.0,uniform
qlearning_balancer[qlearn],0.1086,0.9377737351467372,14.445082544065215,irm,10,1000,10000,25,0.0,uniform
qlearning_balancer[lru],0.2024,0.9475627214567001,13.237726453878597,irm,10,1000,10000,25,0.0,uniform
qlearning_balancer[oracle],0.1305,0.9643534210535099,10.882937838995208,irm,10,1000,10000,25,0.0,uniform
qlearning_balancer[nocache],0.0,0.9526976022861179,12.561718413172946,irm,10,1000,10000,25,0.0,uniform
Optimal_QLRU,0.0836,0.9987319576545403,2.040710210635704,irm,10,1000,10000,26,0.0,uniform
qlearning_balancer[qlearn],0.1143,0.9314013285714847,15.183631668905605,irm,10,1000,10000,26,0.0,uniform
qlearning_balancer[lru],0.194,0.927446692874814,15.626020751340704,irm,10,1000,10000,26,0.0,uniform
qlearning_balancer[oracle],0.1304,0.9228938186886758,16.121788421201313,irm,10,1000,10000,26,0.0,uniform
qlearning_balancer[nocache],0.0,0.958728408681114,11.721463544967083,irm,10,1000,10000,26,0.0,uniform
Optimal_QLRU,0.091,0.9958393854795734,3.698307246145093,irm,10,1000,10000,24,0.0,uniform
qlearning_balancer[qlearn],0.0565,0.9210768291955215,16.315877855211088,irm,10,1000,10000,24,0.0,uniform
qlearning_balancer[lru],0.1982,0.8927961960617183,19.11224973517202,irm,10,1000,10000,24,0.0,uniform
qlearning_balancer[oracle],0.1304,0.8677568607170107,21.324678632721035,irm,10,1000,10000,24,0.0,uniform
qlearning_balancer[nocache],0.0,0.9200922696972256,16.420194171309866,irm,10,1000,10000,24,0.0,uniform
Optimal_QLRU,0.0953,0.9952560934474115,3.9494322613294353,irm,20,1000,10000,0,0.0,uniform
qlearning_balancer[qlearn],0.1144,0.7740080569925263,28.38449186257816,irm,20,1000,10000,0,0.0,uniform
qlearning_balancer[lru],0.1976,0.8016959460693652,26.443393883585074,irm,20,1000,10000,0,0.0,uniform
qlearning_balancer[oracle],0.1059,0.7712163306977593,28.575302652983584,irm,20,1000,10000,0,0.0,uniform
qlearning_balancer[nocache],0.0,0.7592975282002036,29.380971120258916,irm,20,1000,10000,0,0.0,uniform
Optimal_QLRU,0.103,0.998653334888928,2.1030517512648212,irm,10,1000,10000,27,0.0,uniform
qlearning_balancer[qlearn],0.0689,0.888101837164227,19.542855177565684,irm,10,1000,10000,27,0.0,uniform
qlearning_balancer[lru],0.1971,0.9009517583433289,18.343869398511856,irm,10,1000,10000,27,0.0,uniform
qlearning_balancer[oracle],0.1446,0.9307347963721408,15.259004360907191,irm,10,1000,10000,27,0.0,uniform
qlearning_balancer[nocache],0.0,0.8882632086436537,19.52818573917548,irm,10,1000,10000,27,0.0,uniform
Optimal_QLRU,0.1171,0.9973866327240735,2.930300775919999,irm,10,1000,10000,28,0.0,uniform
qlearning_balancer[qlearn],0.134,0.8999630657716925,18.438475492502164,irm,10,1000,10000,28,0.0,uniform
qlearning_balancer[lru],0.1941,0.8992236793606652,18.508954613358846,irm,10,1000,10000,28,0.0,uniform
qlearning_balancer[oracle],0.1393,0.9080344056650235,17.653409491175285,irm,10,1000,10000,28,0.0,uniform
qlearning_balancer[nocache],0.0,0.9164654007265569,16.799505054471012,irm,10,1000,10000,28,0.0,uniform
Optimal_QLRU,0.1128,0.9941128477774023,4.400502927394957,irm,20,1000,10000,1,0.0,uniform
qlearning_balancer[qlearn],0.142,0.7856130527360352,27.58211492740193,irm,20,1000,10000,1,0.0,uniform
qlearning_balancer[lru],0.1986,0.7980490212621012,26.704525647229232,irm,20,1000,10000,1,0.0,uniform
qlearning_balancer[oracle],0.1109,0.8064010198079083,26.10380719664789,irm,20,1000,10000,1,0.0,uniform
qlearning_balancer[nocache],0.0,0.764328140815403,29.042644963197333,irm,20,1000,10000,1,0.0,uniform
Optimal_QLRU,0.0846,0.9984935560508824,2.22437610660848,irm,10,1000,10000,29,0.0,uniform
qlearning_balancer[qlearn],0.1349,0.8862174644176218,19.71347515295737,irm,10,1000,10000,29,0.0,uniform
qlearning_balancer[lru],0.1977,0.8705096318333364,21.090843139619324,irm,10,1000,10000,29,0.0,uniform
qlearning_balancer[oracle],0.1382,0.8797738944013461,20.2878259238612,irm,10,1000,10000,29,0.0,uniform
qlearning_balancer[nocache],0.0,0.9041041817186417,18.03937439107438,irm,10,1000,10000,29,0.0,uniform
Optimal_QLRU,0.1093,0.9957530039654579,3.7365555901643934,irm,20,1000,10000,4,0.0,uniform
qlearning_balancer[qlearn],0.1262,0.8536090776212334,22.49548740998344,irm,20,1000,10000,4,0.0,uniform
qlearning_balancer[lru],0.1937,0.827811098325745,24.51657747430843,irm,20,1000,10000,4,0.0,uniform
qlearning_balancer[oracle],0.1045,0.8230983284469661,24.872271953323292,irm,20,1000,10000,4,0.0,uniform
qlearning_balancer[nocache],0.0,0.8514030371296775,22.673714232331534,irm,20,1000,10000,4,0.0,uniform
Optimal_QLRU,0.1034,0.994715369089183,4.168820736893951,irm,20,1000,10000,2,0.0,uniform
qlearning_balancer[qlearn],0.1423,0.7957964658745773,26.86493543174068,irm,20,1000,10000,2,0.0,uniform
qlearning_balancer[lru],0.1946,0.7853480091933694,27.600612247574823,irm,20,1000,10000,2,0.0,uniform
qlearning_balancer[oracle],0.1042,0.825703187675209,24.676139670490677,irm,20,1000,10000,2,0.0,uniform
qlearning_balancer[nocache],0.0,0.8204636633620795,25.069498638955224,irm,20,1000,10000,2,0.0,uniform
Optimal_QLRU,0.0942,0.9938827187981059,4.485859167775173,irm,20,1000,10000,6,0.0,uniform
qlearning_balancer[qlearn],0.0653,0.8454256391452283,23.151233624912944,irm,20,1000,10000,6,0.0,uniform
qlearning_balancer[lru],0.1997,0.8226595071678341,24.905200858732663,irm,20,1000,10000,6,0.0,uniform
qlearning_balancer[oracle],0.1118,0.8695720300043636,21.170723212826303,irm,20,1000,10000,6,0.0,uniform
qlearning_balancer[nocache],0.0,0.86525186658752,21.535679790670084,irm,20,1000,10000,6,0.0,uniform
Optimal_QLRU,0.1068,0.9932544877869746,4.711070110311338,irm,20,1000,10000,3,0.0,uniform
qlearning_balancer[qlearn],0.1056,0.778669616410858,28.06400652299046,irm,20,1000,10000,3,0.0,uniform
qlearning_balancer[lru],0.2045,0.7687096231814177,28.745936013338756,irm,20,1000,10000,3,0.0,uniform
qlearning_balancer[oracle],0.1031,0.7839045599548978,27.701205052934753,irm,20,1000,10000,3,0.0,uniform
qlearning_balancer[nocache],0.0,0.824905651346573,24.7363117918358,irm,20,1000,10000,3,0.0,uniform
Optimal_QLRU,0.1019,0.9958867412012372,3.6771710115080265,irm,20,1000,10000,7,0.0,uniform
qlearning_balancer[qlearn],0.1199,0.8371867167448346,23.797243699676677,irm,20,1000,10000,7,0.0,uniform
qlearning_balancer[lru],0.1971,0.8017854905105151,26.436959639455697,irm,20,1000,10000,7,0.0,uniform
qlearning_balancer[oracle],0.1073,0.7785240389348799,28.074051260511855,irm,20,1000,10000,7,0.0,uniform
qlearning_balancer[nocache],0.0,0.8256413276089928,24.680810735585826,irm,20,1000,10000,7,0.0,uniform
Optimal_QLRU,0.115,0.9946270013816645,4.203593152660432,irm,20,1000,10000,5,0.0,uniform
qlearning_balancer[qlearn],0.1295,0.7398322749297958,30.668252234644033,irm,20,1000,10000,5,0.0,uniform
qlearning_balancer[lru],0.2061,0.7202619500516313,31.93134360029841,irm,20,1000,10000,5,0.0,uniform
qlearning_balancer[oracle],0.1063,0.730653165532414,31.26428258474882,irm,20,1000,10000,5,0.0,uniform
qlearning_balancer[nocache],0.0,0.7367979594981019,30.866015118996014,irm,20,1000,10000,5,0.0,uniform
Optimal_QLRU,0.0939,0.9929512941597063,4.816026322267074,irm,20,1000,10000,8,0.0,uniform
qlearning_balancer[qlearn],0.1218,0.8132498554591683,25.603826450296232,irm,20,1000,10000,8,0.0,uniform
qlearning_balancer[lru],0.1896,0.76997284767388,28.660028914942405,irm,20,1000,10000,8,0.0,uniform
qlearning_balancer[oracle],0.0883,0.7744486031556115,28.354305217125926,irm,20,1000,10000,8,0.0,uniform
qlearning_balancer[nocache],0.0,0.8010619744776785,26.48891689301992,irm,20,1000,10000,8,0.0,uniform
Optimal_QLRU,0.0879,0.9940488130700305,4.424417818488896,irm,20,1000,10000,11,0.0,uniform
qlearning_balancer[qlearn],0.1397,0.8732150439860589,20.85895992921017,irm,20,1000,10000,11,0.0,uniform
qlearning_balancer[lru],0.1977,0.8996768041718848,18.465789622679758,irm,20,1000,10000,11,0.0,uniform
qlearning_balancer[oracle],0.1054,0.8901296686140681,19.357836895170326,irm,20,1000,10000,11,0.0,uniform
qlearning_balancer[nocache],0.0,0.8752649021558137,20.68185398252855,irm,20,1000,10000,11,0.0,uniform
Optimal_QLRU,0.0817,0.9920197148761274,5.125204119643083,irm,20,1000,10000,9,0.0,uniform
qlearning_balancer[qlearn],0.0912,0.8239082291666379,24.811413110211397,irm,20,1000,10000,9,0.0,uniform
qlearning_balancer[lru],0.1919,0.8207470360989017,25.04834043417929,irm,20,1000,10000,9,0.0,uniform
qlearning_balancer[oracle],0.1138,0.8557851607109077,22.318587478257715,irm,20,1000,10000,9,0.0,uniform
qlearning_balancer[nocache],0.0,0.8431701083787675,23.3294505177391,irm,20,1000,10000,9,0.0,uniform
Optimal_QLRU,0.1051,0.9914098553451723,5.3179789529126875,irm,20,1000,10000,16,0.0,uniform
qlearning_balancer[qlearn],0.142,0.897202542430601,18.700449761286382,irm,20,1000,10000,16,0.0,uniform
qlearning_balancer[lru],0.2069,0.8764214222869104,20.581381199926696,irm,20,1000,10000,16,0.0,uniform
qlearning_balancer[oracle],0.1082,0.8531790758871985,22.530314114386623,irm,20,1000,10000,16,0.0,uniform
qlearning_balancer[nocache],0.0,0.8199293122134003,25.109360856426413,irm,20,1000,10000,16,0.0,uniform
Optimal_QLRU,0.0834,0.9976189345312677,2.796924857423059,irm,20,1000,10000,10,0.0,uniform
qlearning_balancer[qlearn],0.1064,0.7909809943193791,27.205671442272546,irm,20,1000,10000,10,0.0,uniform
qlearning_balancer[lru],0.1968,0.8030589699821632,26.345334515446975,irm,20,1000,10000,10,0.0,uniform
qlearning_balancer[oracle],0.0899,0.8125784410651639,25.65314844448481,irm,20,1000,10000,10,0.0,uniform
qlearning_balancer[nocache],0.0,0.8152428402593933,25.457017869956605,irm,20,1000,10000,10,0.0,uniform
Optimal_QLRU,0.0962,0.9935521207907603,4.605734501429941,irm,20,1000,10000,15,0.0,uniform
qlearning_balancer[qlearn],0.1407,0.8317006032238647,24.220106545735156,irm,20,1000,10000,15,0.0,uniform
qlearning_balancer[lru],0.197,0.8201716794976839,25.091286159216594,irm,20,1000,10000,15,0.0,uniform
qlearning_balancer[oracle],0.1044,0.8532170224817011,22.527242444050085,irm,20,1000,10000,15,0.0,uniform
qlearning_balancer[nocache],0.0,0.8721268456052196,20.95248167633911,irm,20,1000,10000,15,0.0,uniform
Optimal_QLRU,0.1099,0.9936765774536139,4.560973024333908,irm,20,1000,10000,12,0.0,uniform
qlearning_balancer[qlearn],0.1576,0.8007384302861725,26.51212831063238,irm,20,1000,10000,12,0.0,uniform
qlearning_balancer[lru],0.2075,0.757867765496929,29.476684208667645,irm,20,1000,10000,12,0.0,uniform
qlearning_balancer[oracle],0.1096,0.7715918875439819,28.549681824506344,irm,20,1000,10000,12,0.0,uniform
qlearning_balancer[nocache],0.0,0.7925665406762913,27.093803922584765,irm,20,1000,10000,12,0.0,uniform
Optimal_QLRU,0.0786,0.9957732608820082,3.727621181394026,irm,20,1000,10000,14,0.0,uniform
qlearning_balancer[qlearn],0.149,0.8247041164984314,24.75149998793849,irm,20,1000,10000,14,0.0,uniform
qlearning_balancer[lru],0.1952,0.8450675162956142,23.17960059123279,irm,20,1000,10000,14,0.0,uniform
qlearning_balancer[oracle],0.0982,0.8276495515188781,24.528833288701875,irm,20,1000,10000,14,0.0,uniform
qlearning_balancer[nocache],0.0,0.8328165138235217,24.13454605564421,irm,20,1000,10000,14,0.0,uniform
Optimal_QLRU,0.1056,0.9956147473449074,3.796976150684334,irm,20,1000,10000,13,0.0,uniform
qlearning_balancer[qlearn],0.1239,0.7828775927115926,27.772625410142524,irm,20,1000,10000,13,0.0,uniform
qlearning_balancer[lru],0.1873,0.7743323369670915,28.362273914889805,irm,20,1000,10000,13,0.0,uniform
qlearning_balancer[oracle],0.1099,0.7917035145163209,27.15473327203844,irm,20,1000,10000,13,0.0,uniform
qlearning_balancer[nocache],0.0,0.7809760241893701,27.904548661197015,irm,20,1000,10000,13,0.0,uniform
Optimal_QLRU,0.1085,0.9945770009428038,4.22314224308805,irm,20,1000,10000,20,0.0,uniform
qlearning_balancer[qlearn],0.1475,0.7387618810528833,30.738100240563252,irm,20,1000,10000,20,0.0,uniform
qlearning_balancer[lru],0.1986,0.7761469296739592,28.237737965451263,irm,20,1000,10000,20,0.0,uniform
qlearning_balancer[oracle],0.1124,0.736542129944142,30.882655249340477,irm,20,1000,10000,20,0.0,uniform
qlearning_balancer[nocache],0.0,0.8004838148891554,26.5303847485836,irm,20,1000,10000,20,0.0,uniform
Optimal_QLRU,0.0992,0.9931146844369074,4.759750584199856,irm,20,1000,10000,18,0.0,uniform
qlearning_balancer[qlearn],0.104,0.7775928111118318,28.138249535140474,irm,20,1000,10000,18,0.0,uniform
qlearning_balancer[lru],0.201,0.7539960691103873,29.734910305002753,irm,20,1000,10000,18,0.0,uniform
qlearning_balancer[oracle],0.1032,0.8198903251357778,25.112267456356413,irm,20,1000,10000,18,0.0,uniform
qlearning_balancer[nocache],0.0,0.8079543915115901,25.991008101674915,irm,20,1000,10000,18,0.0,uniform
Optimal_QLRU,0.0981,0.9946405543804611,4.198278655267717,irm,20,1000,10000,17,0.0,uniform
qlearning_balancer[qlearn],0.1492,0.7549924734558039,29.6685864654884,irm,20,1000,10000,17,0.0,uniform
qlearning_balancer[lru],0.1976,0.7739936335163615,28.385479820511716,irm,20,1000,10000,17,0.0,uniform
qlearning_balancer[oracle],0.1097,0.7585724111574554,29.429537023358353,irm,20,1000,10000,17,0.0,uniform
qlearning_balancer[nocache],0.0,0.7766132117225668,28.20567904138052,irm,20,1000,10000,17,0.0,uniform
Optimal_QLRU,0.1053,0.9980493673357583,2.5313469322152775,irm,20,1000,10000,19,0.0,uniform
qlearning_balancer[qlearn],0.0968,0.8735792952639587,20.827578969082992,irm,20,1000,10000,19,0.0,uniform
qlearning_balancer[lru],0.1915,0.8891186114077387,19.450270331363747,irm,20,1000,10000,19,0.0,uniform
qlearning_balancer[oracle],0.1092,0.9062786232944428,17.826730442579645,irm,20,1000,10000,19,0.0,uniform
qlearning_balancer[nocache],0.0,0.859311986865509,22.029505144641966,irm,20,1000,10000,19,0.0,uniform
Optimal_QLRU,0.1162,0.9963346326928375,3.470939539812606,irm,20,1000,10000,21,0.0,uniform
qlearning_balancer[qlearn],0.1177,0.7932577684856291,27.044935971355663,irm,20,1000,10000,21,0.0,uniform
qlearning_balancer[lru],0.203,0.7578704545299709,29.476504376833706,irm,20,1000,10000,21,0.0,uniform
qlearning_balancer[oracle],0.1066,0.755755122006939,29.61776060278298,irm,20,1000,10000,21,0.0,uniform
qlearning_balancer[nocache],0.0,0.7913573485091376,27.17914631677402,irm,20,1000,10000,21,0.0,uniform
Optimal_QLRU,0.1118,0.9963390157590699,3.4688610939386915,irm,20,1000,10000,25,0.0,uniform
qlearning_balancer[qlearn],0.0994,0.8815913920676093,20.127202865628817,irm,20,1000,10000,25,0.0,uniform
qlearning_balancer[lru],0.2024,0.830847379415055,24.285373418475295,irm,20,1000,10000,25,0.0,uniform
qlearning_balancer[oracle],0.1125,0.8569440704170441,22.223923888622714,irm,20,1000,10000,25,0.0,uniform
qlearning_balancer[nocache],0.0,0.902653287565148,18.180063329487623,irm,20,1000,10000,25,0.0,uniform
Optimal_QLRU,0.1118,0.9953856154590386,3.8950594540955077,irm,20,1000,10000,29,0.0,uniform
qlearning_balancer[qlearn],0.1236,0.7929384810734842,27.067516223520624,irm,20,1000,10000,29,0.0,uniform
qlearning_balancer[lru],0.1977,0.7527899473407392,29.815072683762754,irm,20,1000,10000,29,0.0,uniform
qlearning_balancer[oracle],0.1065,0.7688501838654147,28.736385148413547,irm,20,1000,10000,29,0.0,uniform
qlearning_balancer[nocache],0.0,0.8308455295233464,24.285514782208114,irm,20,1000,10000,29,0.0,uniform
Optimal_QLRU,0.1153,0.9735691336326083,9.356432254471269,irm,100,1000,10000,2,0.0,uniform
qlearning_balancer[qlearn],0.1244,0.45921037807838,47.33967324941183,irm,100,1000,10000,2,0.0,uniform
qlearning_balancer[lru],0.1946,0.46666229695806055,46.91152778880147,irm,100,1000,10000,2,0.0,uniform
qlearning_balancer[oracle],0.0633,0.49518158107985016,45.27607934134868,irm,100,1000,10000,2,0.0,uniform
qlearning_balancer[nocache],0.0,0.5212204803517345,43.78379073695233,irm,100,1000,10000,2,0.0,uniform
Optimal_QLRU,0.0912,0.9966966220433406,3.2948918359763333,irm,20,1000,10000,22,0.0,uniform
qlearning_balancer[qlearn],0.1494,0.742111671238196,30.519199776607575,irm,20,1000,10000,22,0.0,uniform
qlearning_balancer[lru],0.1929,0.7945684492064926,26.952108104944468,irm,20,1000,10000,22,0.0,uniform
qlearning_balancer[oracle],0.1,0.7986636624497894,26.660639875940163,irm,20,1000,10000,22,0.0,uniform
qlearning_balancer[nocache],0.0,0.7661282112935716,28.920980318382075,irm,20,1000,10000,22,0.0,uniform
Optimal_QLRU,0.0964,0.9952240534990259,3.9627681206550296,irm,20,1000,10000,23,0.0,uniform
qlearning_balancer[qlearn],0.1417,0.8555399949730356,22.338572825940375,irm,20,1000,10000,23,0.0,uniform
qlearning_balancer[lru],0.199,0.8299480969593152,24.354021784471183,irm,20,1000,10000,23,0.0,uniform
qlearning_balancer[oracle],0.1052,0.8018880996714717,26.4295852804443,irm,20,1000,10000,23,0.0,uniform
qlearning_balancer[nocache],0.0,0.827669965196609,24.527284847843195,irm,20,1000,10000,23,0.0,uniform
Optimal_QLRU,0.1197,0.9955184537431498,3.8384995462900195,irm,20,1000,10000,27,0.0,uniform
qlearning_balancer[qlearn],0.0877,0.8360863125647512,23.88251434003993,irm,20,1000,10000,27,0.0,uniform
qlearning_balancer[lru],0.1971,0.8299671108183725,24.352571823390978,irm,20,1000,10000,27,0.0,uniform
qlearning_balancer[oracle],0.1149,0.8838014671721244,19.93044013329635,irm,20,1000,10000,27,0.0,uniform
qlearning_balancer[nocache],0.0,0.8436026240606052,23.295357415706302,irm,20,1000,10000,27,0.0,uniform
Optimal_QLRU,0.1014,0.9927252940499572,4.892809704404252,irm,20,1000,10000,24,0.0,uniform
qlearning_balancer[qlearn],0.0754,0.841397207495699,23.468801847998936,irm,20,1000,10000,24,0.0,uniform
qlearning_balancer[lru],0.1982,0.793506874371782,27.027310057403064,irm,20,1000,10000,24,0.0,uniform
qlearning_balancer[oracle],0.1099,0.8039938149340489,26.277931346279182,irm,20,1000,10000,24,0.0,uniform
qlearning_balancer[nocache],0.0,0.8414916207067092,23.46139690158333,irm,20,1000,10000,24,0.0,uniform
Optimal_QLRU,0.1312,0.9706788200829718,9.859590667402648,irm,100,1000,10000,3,0.0,uniform
qlearning_balancer[qlearn],0.1022,0.4585201156386996,47.37935690006098,irm,100,1000,10000,3,0.0,uniform
qlearning_balancer[lru],0.2045,0.44261649831761063,48.29509317341752,irm,100,1000,10000,3,0.0,uniform
qlearning_balancer[oracle],0.0777,0.4602575453403667,47.279479465252756,irm,100,1000,10000,3,0.0,uniform
qlearning_balancer[nocache],0.0,0.4769760332574975,46.3196427669171,irm,100,1000,10000,3,0.0,uniform
Optimal_QLRU,0.08,0.9945342914577683,4.239769863070506,irm,20,1000,10000,26,0.0,uniform
qlearning_balancer[qlearn],0.0995,0.8422895633229421,23.39874158521747,irm,20,1000,10000,26,0.0,uniform
qlearning_balancer[lru],0.194,0.8083838143210984,25.95976404575139,irm,20,1000,10000,26,0.0,uniform
qlearning_balancer[oracle],0.0988,0.8158674773343622,25.410879674040938,irm,20,1000,10000,26,0.0,uniform
qlearning_balancer[nocache],0.0,0.8440554774995974,23.2596200077849,irm,20,1000,10000,26,0.0,uniform
Optimal_QLRU,0.1067,0.9933292445899252,4.684833620108703,irm,20,1000,10000,28,0.0,uniform
qlearning_balancer[qlearn],0.1113,0.8178690398036481,25.262626014216934,irm,20,1000,10000,28,0.0,uniform
qlearning_balancer[lru],0.1941,0.8159379585142099,25.405669851556784,irm,20,1000,10000,28,0.0,uniform
qlearning_balancer[oracle],0.1134,0.807992194767846,25.988258672558583,irm,20,1000,10000,28,0.0,uniform
qlearning_balancer[nocache],0.0,0.8250799138126194,24.723173362484808,irm,20,1000,10000,28,0.0,uniform
Optimal_QLRU,0.1183,0.9783733146735567,8.456595700820866,irm,100,1000,10000,0,0.0,uniform
qlearning_balancer[qlearn],0.1366,0.40707910872925546,50.35510705125583,irm,100,1000,10000,0,0.0,uniform
qlearning_balancer[lru],0.1976,0.40516185480882805,50.466946741905346,irm,100,1000,10000,0,0.0,uniform
qlearning_balancer[oracle],0.0688,0.43614450648372766,48.66866947885792,irm,100,1000,10000,0,0.0,uniform
qlearning_balancer[nocache],0.0,0.4531592146755444,47.68772047336586,irm,100,1000,10000,0,0.0,uniform
Optimal_QLRU,0.1219,0.9800180863543985,8.126400563524129,irm,100,1000,10000,1,0.0,uniform
qlearning_balancer[qlearn],0.12,0.5188689660686479,43.91863110465232,irm,100,1000,10000,1,0.0,uniform
qlearning_balancer[lru],0.1986,0.4976389981169314,45.13527594604062,irm,100,1000,10000,1,0.0,uniform
qlearning_balancer[oracle],0.063,0.5309774692968601,43.22398433050431,irm,100,1000,10000,1,0.0,uniform
qlearning_balancer[nocache],0.0,0.540325242324713,42.6870217088564,irm,100,1000,10000,1,0.0,uniform
Optimal_QLRU,0.1269,0.9695768376147734,10.045045244390995,irm,100,1000,10000,6,0.0,uniform
qlearning_balancer[qlearn],0.1502,0.47100825314780825,46.6620369424399,irm,100,1000,10000,6,0.0,uniform
qlearning_balancer[lru],0.1997,0.472468601223076,46.57823114974769,irm,100,1000,10000,6,0.0,uniform
qlearning_balancer[oracle],0.0728,0.47843354831096496,46.23605013077775,irm,100,1000,10000,6,0.0,uniform
qlearning_balancer[nocache],0.0,0.5057627118065778,44.6698136245851,irm,100,1000,10000,6,0.0,uniform
Optimal_QLRU,0.1157,0.9807846789254328,7.96796120802459,irm,100,1000,10000,7,0.0,uniform
qlearning_balancer[qlearn],0.1327,0.4939500022566162,45.346647795888146,irm,100,1000,10000,7,0.0,uniform
qlearning_balancer[lru],0.1971,0.49966079395645646,45.019435076171185,irm,100,1000,10000,7,0.0,uniform
qlearning_balancer[oracle],0.0626,0.4737480169665045,46.50481975346375,irm,100,1000,10000,7,0.0,uniform
qlearning_balancer[nocache],0.0,0.5070097096348957,44.598360064914516,irm,100,1000,10000,7,0.0,uniform
Optimal_QLRU,0.1193,0.9774346188404098,8.639547382981329,irm,100,1000,10000,4,0.0,uniform
qlearning_balancer[qlearn],0.1305,0.3782839252891549,52.044598775135995,irm,100,1000,10000,4,0.0,uniform
qlearning_balancer[lru],0.1937,0.400971736958006,50.711666463539174,irm,100,1000,10000,4,0.0,uniform
qlearning_balancer[oracle],0.0686,0.4300514680259809,49.02094491376521,irm,100,1000,10000,4,0.0,uniform
qlearning_balancer[nocache],0.0,0.44739769897455245,48.01947734183517,irm,100,1000,10000,4,0.0,uniform
Optimal_QLRU,0.115,0.9797440137700177,8.182321106868121,irm,100,1000,10000,9,0.0,uniform
qlearning_balancer[qlearn],0.1335,0.5030255244060099,44.82664916283181,irm,100,1000,10000,9,0.0,uniform
qlearning_balancer[lru],0.1919,0.47900705990293485,46.20316053524901,irm,100,1000,10000,9,0.0,uniform
qlearning_balancer[oracle],0.0626,0.5130272181916365,44.253510905586616,irm,100,1000,10000,9,0.0,uniform
qlearning_balancer[nocache],0.0,0.5144168488668246,44.1738609061972,irm,100,1000,10000,9,0.0,uniform
Optimal_QLRU,0.1225,0.9719441755140218,9.642421644017608,irm,100,1000,10000,11,0.0,uniform
qlearning_balancer[qlearn],0.1226,0.42254810884300215,49.45560799365568,irm,100,1000,10000,11,0.0,uniform
qlearning_balancer[lru],0.1977,0.44090083942302505,48.394066979965196,irm,100,1000,10000,11,0.0,uniform
qlearning_balancer[oracle],0.0599,0.44127405966924993,48.372533036866734,irm,100,1000,10000,11,0.0,uniform
qlearning_balancer[nocache],0.0,0.4678490538296361,46.843385332076664,irm,100,1000,10000,11,0.0,uniform
Optimal_QLRU,0.1316,0.9760814291520299,8.896863277852814,irm,100,1000,10000,5,0.0,uniform
qlearning_balancer[qlearn],0.1167,0.49747009447970714,45.14495352739328,irm,100,1000,10000,5,0.0,uniform
qlearning_balancer[lru],0.2061,0.4518189939613853,47.764858522547186,irm,100,1000,10000,5,0.0,uniform
qlearning_balancer[oracle],0.0697,0.5027466219804271,44.842629361134605,irm,100,1000,10000,5,0.0,uniform
qlearning_balancer[nocache],0.0,0.4889700614444104,45.632020195452974,irm,100,1000,10000,5,0.0,uniform
Optimal_QLRU,0.1235,0.9757058526939308,8.967013198839059,irm,100,1000,10000,12,0.0,uniform
qlearning_balancer[qlearn],0.1152,0.43865727596001086,48.523556445861566,irm,100,1000,10000,12,0.0,uniform
qlearning_balancer[lru],0.2075,0.4100351200991202,50.18283427031591,irm,100,1000,10000,12,0.0,uniform
qlearning_balancer[oracle],0.0625,0.4394977840420842,48.475037365595405,irm,100,1000,10000,12,0.0,uniform
qlearning_balancer[nocache],0.0,0.4860853696794467,45.797352534082485,irm,100,1000,10000,12,0.0,uniform
Optimal_QLRU,0.1164,0.9787329293456051,8.385480972204963,irm,100,1000,10000,8,0.0,uniform
qlearning_balancer[qlearn],0.0937,0.4845814023977591,45.88356064080442,irm,100,1000,10000,8,0.0,uniform
qlearning_balancer[lru],0.1896,0.4632598452035119,47.1069547502512,irm,100,1000,10000,8,0.0,uniform
qlearning_balancer[oracle],0.063,0.4859986599505085,45.80232257255603,irm,100,1000,10000,8,0.0,uniform
qlearning_balancer[nocache],0.0,0.49126505420614575,45.500500989041285,irm,100,1000,10000,8,0.0,uniform
Optimal_QLRU,0.1137,0.9804401777835469,8.039538807388377,irm,100,1000,10000,10,0.0,uniform
qlearning_balancer[qlearn],0.1212,0.5394769327831825,42.73578178077585,irm,100,1000,10000,10,0.0,uniform
qlearning_balancer[lru],0.1968,0.4630199233317581,47.1207387678901,irm,100,1000,10000,10,0.0,uniform
qlearning_balancer[oracle],0.0643,0.4934524680600649,45.375156668927616,irm,100,1000,10000,10,0.0,uniform
qlearning_balancer[nocache],0.0,0.5271875886153546,43.44149727910919,irm,100,1000,10000,10,0.0,uniform
Optimal_QLRU,0.1258,0.9781161720361847,8.507092370018832,irm,100,1000,10000,13,0.0,uniform
qlearning_balancer[qlearn],0.1343,0.5079766217972268,44.54295384801879,irm,100,1000,10000,13,0.0,uniform
qlearning_balancer[lru],0.1873,0.48577026766367576,45.815413704592096,irm,100,1000,10000,13,0.0,uniform
qlearning_balancer[oracle],0.0628,0.5404036437961235,42.682514925729,irm,100,1000,10000,13,0.0,uniform
qlearning_balancer[nocache],0.0,0.5580869858679627,41.66432871771932,irm,100,1000,10000,13,0.0,uniform
Optimal_QLRU,0.1289,0.9756029704637879,8.986137038808332,irm,100,1000,10000,16,0.0,uniform
qlearning_balancer[qlearn],0.0836,0.4307473089009204,48.980684191219765,irm,100,1000,10000,16,0.0,uniform
qlearning_balancer[lru],0.2069,0.46529869821263536,46.98983773715597,irm,100,1000,10000,16,0.0,uniform
qlearning_balancer[oracle],0.0728,0.48915355827295837,45.62150408488374,irm,100,1000,10000,16,0.0,uniform
qlearning_balancer[nocache],0.0,0.46626635162886704,46.93426498572484,irm,100,1000,10000,16,0.0,uniform
Optimal_QLRU,0.1261,0.9788744563775422,8.357332506303743,irm,100,1000,10000,14,0.0,uniform
qlearning_balancer[qlearn],0.1418,0.42350574501454924,49.40007750789593,irm,100,1000,10000,14,0.0,uniform
qlearning_balancer[lru],0.1952,0.3730889665474325,52.3518991485386,irm,100,1000,10000,14,0.0,uniform
qlearning_balancer[oracle],0.0691,0.410973361342671,50.12819460098315,irm,100,1000,10000,14,0.0,uniform
qlearning_balancer[nocache],0.0,0.39651094656808855,50.972660054736146,irm,100,1000,10000,14,0.0,uniform
Optimal_QLRU,0.1107,0.9751945383990303,9.061671737400832,irm,100,1000,10000,19,0.0,uniform
qlearning_balancer[qlearn],0.1305,0.5457804312098764,42.37329563683232,irm,100,1000,10000,19,0.0,uniform
qlearning_balancer[lru],0.1915,0.49735144833306794,45.15175154201695,irm,100,1000,10000,19,0.0,uniform
qlearning_balancer[oracle],0.0627,0.5376253548429459,42.84218619019672,irm,100,1000,10000,19,0.0,uniform
qlearning_balancer[nocache],0.0,0.5630550103551596,41.37756870710076,irm,100,1000,10000,19,0.0,uniform
Optimal_QLRU,0.1195,0.9770695359022024,8.709695084424636,irm,100,1000,10000,15,0.0,uniform
qlearning_balancer[qlearn],0.123,0.4906052402619656,45.53831176050388,irm,100,1000,10000,15,0.0,uniform
qlearning_balancer[lru],0.197,0.4911404203812241,45.50764308677799,irm,100,1000,10000,15,0.0,uniform
qlearning_balancer[oracle],0.0633,0.481193116944365,46.07780927343556,irm,100,1000,10000,15,0.0,uniform
qlearning_balancer[nocache],0.0,0.5006577924333654,44.962311258900804,irm,100,1000,10000,15,0.0,uniform
Optimal_QLRU,0.137,0.9805914339508367,8.008188773675704,irm,100,1000,10000,20,0.0,uniform
qlearning_balancer[qlearn],0.0975,0.5104396684346244,44.401807590475066,irm,100,1000,10000,20,0.0,uniform
qlearning_balancer[lru],0.1986,0.4761175439098243,46.36888479067921,irm,100,1000,10000,20,0.0,uniform
qlearning_balancer[oracle],0.0777,0.5016264880673011,44.90680893395906,irm,100,1000,10000,20,0.0,uniform
qlearning_balancer[nocache],0.0,0.5081620692298069,44.53232710875316,irm,100,1000,10000,20,0.0,uniform
Optimal_QLRU,0.1212,0.978594848843486,8.412855784046805,irm,100,1000,10000,17,0.0,uniform
qlearning_balancer[qlearn],0.1479,0.40016401612352587,50.75888863042342,irm,100,1000,10000,17,0.0,uniform
qlearning_balancer[lru],0.1976,0.42065172775203385,49.56562355225787,irm,100,1000,10000,17,0.0,uniform
qlearning_balancer[oracle],0.0778,0.4428050429899321,48.28421874257183,irm,100,1000,10000,17,0.0,uniform
qlearning_balancer[nocache],0.0,0.4454736650317417,48.130354517045916,irm,100,1000,10000,17,0.0,uniform
Optimal_QLRU,0.1203,0.9769003030911255,8.742026725481972,irm,100,1000,10000,18,0.0,uniform
qlearning_balancer[qlearn],0.1456,0.49166421233468827,45.47762757929712,irm,100,1000,10000,18,0.0,uniform
qlearning_balancer[lru],0.201,0.462856029276116,47.13015510969302,irm,100,1000,10000,18,0.0,uniform
qlearning_balancer[oracle],0.0706,0.5077077656141872,44.558360067870375,irm,100,1000,10000,18,0.0,uniform
qlearning_balancer[nocache],0.0,0.5111126391353695,44.3632402483271,irm,100,1000,10000,18,0.0,uniform
Optimal_QLRU,0.1331,0.9732704055532891,9.409635841759748,irm,100,1000,10000,21,0.0,uniform
qlearning_balancer[qlearn],0.1171,0.5180067960666022,43.96806343415967,irm,100,1000,10000,21,0.0,uniform
qlearning_balancer[lru],0.203,0.46211100068565636,47.17296278011562,irm,100,1000,10000,21,0.0,uniform
qlearning_balancer[oracle],0.0666,0.5072245653073539,44.58604849426836,irm,100,1000,10000,21,0.0,uniform
qlearning_balancer[nocache],0.0,0.5273909146819008,43.42983016351186,irm,100,1000,10000,21,0.0,uniform
Optimal_QLRU,0.1224,0.9772565619345621,8.673828252699494,irm,100,1000,10000,26,0.0,uniform
qlearning_balancer[qlearn],0.1323,0.46052134346736734,47.26431729208473,irm,100,1000,10000,26,0.0,uniform
qlearning_balancer[lru],0.194,0.4553250691770909,47.56310311076911,irm,100,1000,10000,26,0.0,uniform
qlearning_balancer[oracle],0.0607,0.45334446401176554,47.6770597703039,irm,100,1000,10000,26,0.0,uniform
qlearning_balancer[nocache],0.0,0.46116404390684484,47.227379820545316,irm,100,1000,10000,26,0.0,uniform
Optimal_QLRU,0.1136,0.9748224685421055,9.129955862535049,irm,100,1000,10000,22,0.0,uniform
qlearning_balancer[qlearn],0.1442,0.4109102801228605,50.131867622344345,irm,100,1000,10000,22,0.0,uniform
qlearning_balancer[lru],0.1929,0.40812765408350815,50.29397699806003,irm,100,1000,10000,22,0.0,uniform
qlearning_balancer[oracle],0.0583,0.4313381693139382,48.946503757539936,irm,100,1000,10000,22,0.0,uniform
qlearning_balancer[nocache],0.0,0.44137607036430243,48.366647589858886,irm,100,1000,10000,22,0.0,uniform
Optimal_QLRU,0.1223,0.9777882153741098,8.571076246538965,irm,100,1000,10000,28,0.0,uniform
qlearning_balancer[qlearn],0.1199,0.41614369705475,49.82742583744829,irm,100,1000,10000,28,0.0,uniform
qlearning_balancer[lru],0.1941,0.411912269089505,50.07353498740008,irm,100,1000,10000,28,0.0,uniform
qlearning_balancer[oracle],0.0695,0.43140281329503555,48.942764539257865,irm,100,1000,10000,28,0.0,uniform
qlearning_balancer[nocache],0.0,0.4487330054390189,47.94255381055086,irm,100,1000,10000,28,0.0,uniform
Optimal_QLRU,0.1266,0.9766092859026653,8.7973558631059,irm,100,1000,10000,23,0.0,uniform
qlearning_balancer[qlearn],0.0818,0.4485211113559916,47.954759041818924,irm,100,1000,10000,23,0.0,uniform
qlearning_balancer[lru],0.199,0.44262045338015993,48.294865057842046,irm,100,1000,10000,23,0.0,uniform
qlearning_balancer[oracle],0.066,0.4589985723466539,47.351849620952486,irm,100,1000,10000,23,0.0,uniform
qlearning_balancer[nocache],0.0,0.48153674596339746,46.05810709199514,irm,100,1000,10000,23,0.0,uniform
Optimal_QLRU,0.134,0.9780308345570303,8.523786441865973,irm,100,1000,10000,24,0.0,uniform
qlearning_balancer[qlearn],0.1207,0.5218339631422076,43.74860813617596,irm,100,1000,10000,24,0.0,uniform
qlearning_balancer[lru],0.1982,0.47816528757924187,46.25143483531452,irm,100,1000,10000,24,0.0,uniform
qlearning_balancer[oracle],0.057,0.5172483437249561,44.01154658803402,irm,100,1000,10000,24,0.0,uniform
qlearning_balancer[nocache],0.0,0.5386742051136921,42.781915793228144,irm,100,1000,10000,24,0.0,uniform
Optimal_QLRU,0.131,0.9611216889735118,11.371858094684491,irm,200,1000,10000,0,0.0,uniform
qlearning_balancer[qlearn],0.0895,0.3151432471465252,55.84897476370061,irm,200,1000,10000,0,0.0,uniform
qlearning_balancer[lru],0.1976,0.29622393951538367,57.02557767423439,irm,200,1000,10000,0,0.0,uniform
qlearning_balancer[oracle],0.0559,0.3274728185816073,55.09255715541723,irm,200,1000,10000,0,0.0,uniform
qlearning_balancer[nocache],0.0,0.3316831935372878,54.835953879104125,irm,200,1000,10000,0,0.0,uniform
Optimal_QLRU,0.126,0.9753990974816827,9.023917346640085,irm,100,1000,10000,25,0.0,uniform
qlearning_balancer[qlearn],0.1084,0.44649273227429964,48.07162251025358,irm,100,1000,10000,25,0.0,uniform
qlearning_balancer[lru],0.2024,0.4373993308715227,48.59619147816127,irm,100,1000,10000,25,0.0,uniform
qlearning_balancer[oracle],0.0684,0.4942853728460584,45.327431146280226,irm,100,1000,10000,25,0.0,uniform
qlearning_balancer[nocache],0.0,0.47884540109792734,46.21243114041905,irm,100,1000,10000,25,0.0,uniform
Optimal_QLRU,0.1218,0.9553124938066077,12.20406822098349,irm,200,1000,10000,1,0.0,uniform
qlearning_balancer[qlearn],0.1309,0.31918241077106363,55.60032596856382,irm,200,1000,10000,1,0.0,uniform
qlearning_balancer[lru],0.1986,0.30427955736362605,56.52209262073537,irm,200,1000,10000,1,0.0,uniform
qlearning_balancer[oracle],0.0631,0.3247659724116481,55.25797306291466,irm,200,1000,10000,1,0.0,uniform
qlearning_balancer[nocache],0.0,0.3287996141828638,55.01160486077348,irm,200,1000,10000,1,0.0,uniform
Optimal_QLRU,0.1344,0.9788355298224345,8.36508382436638,irm,100,1000,10000,27,0.0,uniform
qlearning_balancer[qlearn],0.0665,0.5197974663767763,43.865392134537686,irm,100,1000,10000,27,0.0,uniform
qlearning_balancer[lru],0.1971,0.4517249509275989,47.77027203336366,irm,100,1000,10000,27,0.0,uniform
qlearning_balancer[oracle],0.0557,0.5184153210609638,43.94464113467978,irm,100,1000,10000,27,0.0,uniform
qlearning_balancer[nocache],0.0,0.527265072911847,43.437051159466066,irm,100,1000,10000,27,0.0,uniform
Optimal_QLRU,0.1315,0.9766361704799847,8.792258617730282,irm,100,1000,10000,29,0.0,uniform
qlearning_balancer[qlearn],0.0912,0.38488761524307874,51.655152612266974,irm,100,1000,10000,29,0.0,uniform
qlearning_balancer[lru],0.1977,0.4033340578263551,50.573646684441194,irm,100,1000,10000,29,0.0,uniform
qlearning_balancer[oracle],0.0722,0.408833486787109,50.252840790977835,irm,100,1000,10000,29,0.0,uniform
qlearning_balancer[nocache],0.0,0.3941186464227148,51.112835708520876,irm,100,1000,10000,29,0.0,uniform
Optimal_QLRU,0.1274,0.9557404367057784,12.144596912033295,irm,200,1000,10000,2,0.0,uniform
qlearning_balancer[qlearn],0.1482,0.32952501467457745,54.96738098891329,irm,200,1000,10000,2,0.0,uniform
qlearning_balancer[lru],0.1946,0.3299857124505342,54.939307514239104,irm,200,1000,10000,2,0.0,uniform
qlearning_balancer[oracle],0.0652,0.35803372702481995,53.24752614684062,irm,200,1000,10000,2,0.0,uniform
qlearning_balancer[nocache],0.0,0.3733648763761403,52.335556660827656,irm,200,1000,10000,2,0.0,uniform
Optimal_QLRU,0.1291,0.9548894873208795,12.262587343446416,irm,200,1000,10000,6,0.0,uniform
qlearning_balancer[qlearn],0.0724,0.33327206547894384,54.73933373310992,irm,200,1000,10000,6,0.0,uniform
qlearning_balancer[lru],0.1997,0.2957650302680608,57.05437748504443,irm,200,1000,10000,6,0.0,uniform
qlearning_balancer[oracle],0.0622,0.3309770814731917,54.878930273798744,irm,200,1000,10000,6,0.0,uniform
qlearning_balancer[nocache],0.0,0.350807024087655,53.6803427075615,irm,200,1000,10000,6,0.0,uniform
Optimal_QLRU,0.141,0.9521684035574,12.632945137454898,irm,200,1000,10000,3,0.0,uniform
qlearning_balancer[qlearn],0.1215,0.2683422436512176,58.800629646186984,irm,200,1000,10000,3,0.0,uniform
qlearning_balancer[lru],0.2045,0.2723452443217124,58.54242525047265,irm,200,1000,10000,3,0.0,uniform
qlearning_balancer[oracle],0.0712,0.295948463605944,57.04286418930924,irm,200,1000,10000,3,0.0,uniform
qlearning_balancer[nocache],0.0,0.3120599975090338,56.03935647990339,irm,200,1000,10000,3,0.0,uniform
Optimal_QLRU,0.1348,0.955863400482164,12.127457959596875,irm,200,1000,10000,9,0.0,uniform
qlearning_balancer[qlearn],0.1283,0.31350483486789943,55.950078662518486,irm,200,1000,10000,9,0.0,uniform
qlearning_balancer[lru],0.1919,0.30393770381110025,56.54338124768298,irm,200,1000,10000,9,0.0,uniform
qlearning_balancer[oracle],0.0599,0.3353522503421183,54.61301037778893,irm,200,1000,10000,9,0.0,uniform
qlearning_balancer[nocache],0.0,0.3395440228257936,54.35904248909162,irm,200,1000,10000,9,0.0,uniform
Optimal_QLRU,0.1331,0.958690556679568,11.726913749786622,irm,200,1000,10000,4,0.0,uniform
qlearning_balancer[qlearn],0.1045,0.29007790308602177,57.412375593661515,irm,200,1000,10000,4,0.0,uniform
qlearning_balancer[lru],0.1937,0.280988992885516,57.98887290798636,irm,200,1000,10000,4,0.0,uniform
qlearning_balancer[oracle],0.0563,0.3052692008455954,56.46050131343635,irm,200,1000,10000,4,0.0,uniform
qlearning_balancer[nocache],0.0,0.3151876556443527,55.84623636558569,irm,200,1000,10000,4,0.0,uniform
Optimal_QLRU,0.1255,0.9487722103810967,13.081426831138126,irm,200,1000,10000,11,0.0,uniform
qlearning_balancer[qlearn],0.1027,0.31246145539467723,56.01453874996538,irm,200,1000,10000,11,0.0,uniform
qlearning_balancer[lru],0.1977,0.31017156970494203,56.15621471823367,irm,200,1000,10000,11,0.0,uniform
qlearning_balancer[oracle],0.0581,0.3115352644090066,56.07180811952999,irm,200,1000,10000,11,0.0,uniform
qlearning_balancer[nocache],0.0,0.3130533362718939,55.97796511231198,irm,200,1000,10000,11,0.0,uniform
Optimal_QLRU,0.1347,0.962700403983779,11.135564396874992,irm,200,1000,10000,5,0.0,uniform
qlearning_balancer[qlearn],0.0942,0.313166722366799,55.97096088294511,irm,200,1000,10000,5,0.0,uniform
qlearning_balancer[lru],0.2061,0.2877417316763807,57.560032798754,irm,200,1000,10000,5,0.0,uniform
qlearning_balancer[oracle],0.0637,0.3391810639954503,54.38100269803574,irm,200,1000,10000,5,0.0,uniform
qlearning_balancer[nocache],0.0,0.3335062250038208,54.72510413767623,irm,200,1000,10000,5,0.0,uniform
Optimal_QLRU,0.1298,0.9603409425252372,11.487013342259303,irm,200,1000,10000,7,0.0,uniform
qlearning_balancer[qlearn],0.0947,0.2920722260094481,57.28660298733249,irm,200,1000,10000,7,0.0,uniform
qlearning_balancer[lru],0.1971,0.298412402013273,56.88841298703656,irm,200,1000,10000,7,0.0,uniform
qlearning_balancer[oracle],0.0445,0.3156449091458886,55.818046411705616,irm,200,1000,10000,7,0.0,uniform
qlearning_balancer[nocache],0.0,0.32587225575354967,55.190325032126196,irm,200,1000,10000,7,0.0,uniform
Optimal_QLRU,0.1243,0.9559605100114937,12.113906527794096,irm,200,1000,10000,8,0.0,uniform
qlearning_balancer[qlearn],0.1207,0.29907652444983684,56.84684559615618,irm,200,1000,10000,8,0.0,uniform
qlearning_balancer[lru],0.1896,0.28715672119917873,57.5970640043304,irm,200,1000,10000,8,0.0,uniform
qlearning_balancer[oracle],0.0537,0.2995850707823711,56.81503359549717,irm,200,1000,10000,8,0.0,uniform
qlearning_balancer[nocache],0.0,0.31436542537617945,55.8969551562885,irm,200,1000,10000,8,0.0,uniform
Optimal_QLRU,0.129,0.948789876786545,13.079130986638416,irm,200,1000,10000,12,0.0,uniform
qlearning_balancer[qlearn],0.0884,0.3001800106966002,56.777836866866956,irm,200,1000,10000,12,0.0,uniform
qlearning_balancer[lru],0.2075,0.25906964022609097,59.403499607150714,irm,200,1000,10000,12,0.0,uniform
qlearning_balancer[oracle],0.049,0.2964331009837818,57.01245559595629,irm,200,1000,10000,12,0.0,uniform
qlearning_balancer[nocache],0.0,0.3146088410019885,55.88193647325089,irm,200,1000,10000,12,0.0,uniform
Optimal_QLRU,0.1252,0.9619373620461664,11.250359955397062,irm,200,1000,10000,10,0.0,uniform
qlearning_balancer[qlearn],0.1205,0.25886932015634767,59.41659971184967,irm,200,1000,10000,10,0.0,uniform
qlearning_balancer[lru],0.1968,0.27390237102375325,58.44230844576023,irm,200,1000,10000,10,0.0,uniform
qlearning_balancer[oracle],0.0551,0.29367044299333195,57.1859930020225,irm,200,1000,10000,10,0.0,uniform
qlearning_balancer[nocache],0.0,0.3083160812577758,56.27122546563323,irm,200,1000,10000,10,0.0,uniform
Optimal_QLRU,0.1176,0.9605740030693768,11.452753088831846,irm,200,1000,10000,13,0.0,uniform
qlearning_balancer[qlearn],0.1303,0.33368280807191425,54.714375045759866,irm,200,1000,10000,13,0.0,uniform
qlearning_balancer[lru],0.1873,0.31876879589593254,55.625749082149575,irm,200,1000,10000,13,0.0,uniform
qlearning_balancer[oracle],0.0595,0.3500818837228233,53.72388357012352,irm,200,1000,10000,13,0.0,uniform
qlearning_balancer[nocache],0.0,0.36089872371135717,53.07647834044702,irm,200,1000,10000,13,0.0,uniform
Optimal_QLRU,0.1342,0.9588498554580572,11.703960592508295,irm,200,1000,10000,16,0.0,uniform
qlearning_balancer[qlearn],0.0647,0.3181295289982727,55.665059324332184,irm,200,1000,10000,16,0.0,uniform
qlearning_balancer[lru],0.2069,0.29519494805347746,57.09017224632189,irm,200,1000,10000,16,0.0,uniform
qlearning_balancer[oracle],0.0639,0.3082741971941671,56.27382381589903,irm,200,1000,10000,16,0.0,uniform
qlearning_balancer[nocache],0.0,0.32358372239259603,55.3303325196595,irm,200,1000,10000,16,0.0,uniform
Optimal_QLRU,0.1352,0.9600796943679908,11.525302695132797,irm,200,1000,10000,14,0.0,uniform
qlearning_balancer[qlearn],0.1514,0.2963653726613798,57.016704346805454,irm,200,1000,10000,14,0.0,uniform
qlearning_balancer[lru],0.1952,0.25634337407428653,59.58207093155653,irm,200,1000,10000,14,0.0,uniform
qlearning_balancer[oracle],0.0598,0.28886748187290623,57.48883575112156,irm,200,1000,10000,14,0.0,uniform
qlearning_balancer[nocache],0.0,0.2581209250320742,59.4655708846311,irm,200,1000,10000,14,0.0,uniform
Optimal_QLRU,0.1221,0.9594302612480051,11.619968741416791,irm,200,1000,10000,18,0.0,uniform
qlearning_balancer[qlearn],0.1339,0.3201749339449681,55.539355499431956,irm,200,1000,10000,18,0.0,uniform
qlearning_balancer[lru],0.201,0.32507962514129374,55.23878748408589,irm,200,1000,10000,18,0.0,uniform
qlearning_balancer[oracle],0.0674,0.35212836188613966,53.60105640578329,irm,200,1000,10000,18,0.0,uniform
qlearning_balancer[nocache],0.0,0.34134487480236597,54.250168988900704,irm,200,1000,10000,18,0.0,uniform
Optimal_QLRU,0.1262,0.9557748079754048,12.139808460402172,irm,200,1000,10000,19,0.0,uniform
qlearning_balancer[qlearn],0.1297,0.3441520513679508,54.08073144606059,irm,200,1000,10000,19,0.0,uniform
qlearning_balancer[lru],0.1915,0.30915624230593824,56.21912524042614,irm,200,1000,10000,19,0.0,uniform
qlearning_balancer[oracle],0.0619,0.34223938349125005,54.19614150760232,irm,200,1000,10000,19,0.0,uniform
qlearning_balancer[nocache],0.0,0.36310752156190923,52.94480930635989,irm,200,1000,10000,19,0.0,uniform
Optimal_QLRU,0.1408,0.9611248769665818,11.371385623132078,irm,200,1000,10000,15,0.0,uniform
qlearning_balancer[qlearn],0.1197,0.3180391448841897,55.670618984780745,irm,200,1000,10000,15,0.0,uniform
qlearning_balancer[lru],0.197,0.3075608394109336,56.31809325091473,irm,200,1000,10000,15,0.0,uniform
qlearning_balancer[oracle],0.0536,0.3258250216544731,55.19321213068428,irm,200,1000,10000,15,0.0,uniform
qlearning_balancer[nocache],0.0,0.32482871553489323,55.254134793414856,irm,200,1000,10000,15,0.0,uniform
Optimal_QLRU,0.1342,0.9546346048046946,12.297721865533578,irm,200,1000,10000,17,0.0,uniform
qlearning_balancer[qlearn],0.147,0.2837548467033036,57.812852689186315,irm,200,1000,10000,17,0.0,uniform
qlearning_balancer[lru],0.1976,0.2876306487662589,57.56706262673037,irm,200,1000,10000,17,0.0,uniform
qlearning_balancer[oracle],0.0769,0.3122104556271175,56.030054287069476,irm,200,1000,10000,17,0.0,uniform
qlearning_balancer[nocache],0.0,0.30457891947524984,56.50345563630176,irm,200,1000,10000,17,0.0,uniform
Optimal_QLRU,0.1394,0.9507329283759428,12.824289222800992,irm,200,1000,10000,21,0.0,uniform
qlearning_balancer[qlearn],0.1109,0.33778568480743015,54.46548116762219,irm,200,1000,10000,21,0.0,uniform
qlearning_balancer[lru],0.203,0.2993032792135246,56.832659090939075,irm,200,1000,10000,21,0.0,uniform
qlearning_balancer[oracle],0.0593,0.32774980654613955,55.07565025866313,irm,200,1000,10000,21,0.0,uniform
qlearning_balancer[nocache],0.0,0.3459689587353931,53.97124066492179,irm,200,1000,10000,21,0.0,uniform
Optimal_QLRU,0.1351,0.9597571649615483,11.572408375504892,irm,200,1000,10000,20,0.0,uniform
qlearning_balancer[qlearn],0.1039,0.3154453753739862,55.8303464340275,irm,200,1000,10000,20,0.0,uniform
qlearning_balancer[lru],0.1986,0.30008726237190475,56.783634274204644,irm,200,1000,10000,20,0.0,uniform
qlearning_balancer[oracle],0.0682,0.31872445567580937,55.628475003684365,irm,200,1000,10000,20,0.0,uniform
qlearning_balancer[nocache],0.0,0.32006456708634984,55.5461328331684,irm,200,1000,10000,20,0.0,uniform
Optimal_QLRU,0.1332,0.9567825998370009,11.99860942361432,irm,200,1000,10000,24,0.0,uniform
qlearning_balancer[qlearn],0.1174,0.2879148625670732,57.5490779066752,irm,200,1000,10000,24,0.0,uniform
qlearning_balancer[lru],0.1982,0.2793043117788913,58.09634508517893,irm,200,1000,10000,24,0.0,uniform
qlearning_balancer[oracle],0.0628,0.3105380264307337,56.13352269292368,irm,200,1000,10000,24,0.0,uniform
qlearning_balancer[nocache],0.0,0.3225079854040172,55.39623278503687,irm,200,1000,10000,24,0.0,uniform
Optimal_QLRU,0.1155,0.9442281696940438,13.660046204833662,irm,200,1000,10000,26,0.0,uniform
qlearning_balancer[qlearn],0.1267,0.3068383484471612,56.36295856771156,irm,200,1000,10000,26,0.0,uniform
qlearning_balancer[lru],0.194,0.3057208843885617,56.43240902154958,irm,200,1000,10000,26,0.0,uniform
qlearning_balancer[oracle],0.0525,0.3269035972136731,55.12731303229661,irm,200,1000,10000,26,0.0,uniform
qlearning_balancer[nocache],0.0,0.3179864602258662,55.673859890460186,irm,200,1000,10000,26,0.0,uniform
Optimal_QLRU,0.126,0.9568112471128168,11.994572888361423,irm,200,1000,10000,22,0.0,uniform
qlearning_balancer[qlearn],0.1474,0.2809254971297635,57.992919969997054,irm,200,1000,10000,22,0.0,uniform
qlearning_balancer[lru],0.1929,0.2939707710824253,57.16710482882999,irm,200,1000,10000,22,0.0,uniform
qlearning_balancer[oracle],0.0609,0.3177192093083704,55.69030208439698,irm,200,1000,10000,22,0.0,uniform
qlearning_balancer[nocache],0.0,0.3133243732810208,55.96122341730768,irm,200,1000,10000,22,0.0,uniform
Optimal_QLRU,0.1265,0.9528261890311672,12.544354383600723,irm,200,1000,10000,23,0.0,uniform
qlearning_balancer[qlearn],0.1004,0.27794774649060855,58.183029804460645,irm,200,1000,10000,23,0.0,uniform
qlearning_balancer[lru],0.199,0.26265107734609605,59.16983929569441,irm,200,1000,10000,23,0.0,uniform
qlearning_balancer[oracle],0.058,0.28753313804111685,57.573234212663166,irm,200,1000,10000,23,0.0,uniform
qlearning_balancer[nocache],0.0,0.3103109366273819,56.14758386030416,irm,200,1000,10000,23,0.0,uniform
Optimal_QLRU,0.1381,0.9585365919747718,11.749058115529294,irm,200,1000,10000,28,0.0,uniform
qlearning_balancer[qlearn],0.0911,0.29526243477662,57.08593379119019,irm,200,1000,10000,28,0.0,uniform
qlearning_balancer[lru],0.1941,0.2906055243349099,57.3790762558382,irm,200,1000,10000,28,0.0,uniform
qlearning_balancer[oracle],0.0559,0.28213930845343976,57.91560274470439,irm,200,1000,10000,28,0.0,uniform
qlearning_balancer[nocache],0.0,0.30421207618328033,56.52629441793095,irm,200,1000,10000,28,0.0,uniform
Optimal_QLRU,0.1424,0.9539072600309202,12.39746988248135,irm,200,1000,10000,27,0.0,uniform
qlearning_balancer[qlearn],0.1152,0.3220333052077006,55.42533025671116,irm,200,1000,10000,27,0.0,uniform
qlearning_balancer[lru],0.1971,0.29258231973684784,57.25447439041876,irm,200,1000,10000,27,0.0,uniform
qlearning_balancer[oracle],0.0656,0.31906959281208597,55.60725953061506,irm,200,1000,10000,27,0.0,uniform
qlearning_balancer[nocache],0.0,0.3263317869063077,55.162242659502354,irm,200,1000,10000,27,0.0,uniform
Optimal_QLRU,0.1283,0.9608105794495571,11.417876541823674,irm,200,1000,10000,25,0.0,uniform
qlearning_balancer[qlearn],0.1202,0.28924289181670415,57.465111631742325,irm,200,1000,10000,25,0.0,uniform
qlearning_balancer[lru],0.2024,0.2913932805304315,57.3293924101742,irm,200,1000,10000,25,0.0,uniform
qlearning_balancer[oracle],0.062,0.31256318229299784,56.008251475637444,irm,200,1000,10000,25,0.0,uniform
qlearning_balancer[nocache],0.0,0.310265628532897,56.15038962951125,irm,200,1000,10000,25,0.0,uniform
Optimal_QLRU,0.1349,0.9594920089128891,11.610999334648529,irm,200,1000,10000,29,0.0,uniform
qlearning_balancer[qlearn],0.1541,0.2276909931783707,61.49928194327687,irm,200,1000,10000,29,0.0,uniform
qlearning_balancer[lru],0.1977,0.2446936499076532,60.35232500756536,irm,200,1000,10000,29,0.0,uniform
qlearning_balancer[oracle],0.0681,0.26434773345659646,59.05950498347637,irm,200,1000,10000,29,0.0,uniform
qlearning_balancer[nocache],0.0,0.24954871305794488,60.02986589726243,irm,200,1000,10000,29,0.0,uniform
Optimal_QLRU,0.1389,0.8261302545819175,24.643873905107633,irm,1000,1000,10000,1,0.0,uniform
qlearning_balancer[qlearn],0.1258,0.07371586805607047,74.2460582371774,irm,1000,1000,10000,1,0.0,uniform
qlearning_balancer[lru],0.1986,0.07356113276401055,74.26303048468056,irm,1000,1000,10000,1,0.0,uniform
qlearning_balancer[oracle],0.0545,0.07831282025489956,73.7490890094373,irm,1000,1000,10000,1,0.0,uniform
qlearning_balancer[nocache],0.0,0.07980679928636017,73.59047258780987,irm,1000,1000,10000,1,0.0,uniform
Optimal_QLRU,0.1384,0.8167255924483464,25.347396913446868,irm,1000,1000,10000,0,0.0,uniform
qlearning_balancer[qlearn],0.1391,0.07335034010944952,74.28617788763458,irm,1000,1000,10000,0,0.0,uniform
qlearning_balancer[lru],0.1976,0.0710509648842258,74.54069560946198,irm,1000,1000,10000,0,0.0,uniform
qlearning_balancer[oracle],0.0645,0.08075913479140194,73.4900698387943,irm,1000,1000,10000,0,0.0,uniform
qlearning_balancer[nocache],0.0,0.08064914437051447,73.50163820335901,irm,1000,1000,10000,0,0.0,uniform
Optimal_QLRU,0.1357,0.8145842538574778,25.505598424262114,irm,1000,1000,10000,4,0.0,uniform
qlearning_balancer[qlearn],0.1117,0.07408822430093487,74.20528314860269,irm,1000,1000,10000,4,0.0,uniform
qlearning_balancer[lru],0.1937,0.07593181461790188,74.00477283727126,irm,1000,1000,10000,4,0.0,uniform
qlearning_balancer[oracle],0.0576,0.08368154144670238,73.1852868648723,irm,1000,1000,10000,4,0.0,uniform
qlearning_balancer[nocache],0.0,0.08662718686010992,72.88293607150979,irm,1000,1000,10000,4,0.0,uniform
Optimal_QLRU,0.1413,0.8231273261070986,24.87009485653365,irm,1000,1000,10000,2,0.0,uniform
qlearning_balancer[qlearn],0.1214,0.08454043020634221,73.09663597286578,irm,1000,1000,10000,2,0.0,uniform
qlearning_balancer[lru],0.1946,0.08082071711683426,73.48359598725263,irm,1000,1000,10000,2,0.0,uniform
qlearning_balancer[oracle],0.0567,0.08914804911605961,72.6278631933903,irm,1000,1000,10000,2,0.0,uniform
qlearning_balancer[nocache],0.0,0.09214419716966143,72.32889236208888,irm,1000,1000,10000,2,0.0,uniform
Optimal_QLRU,0.1245,0.8101768859199442,25.829013314029982,irm,1000,1000,10000,7,0.0,uniform
qlearning_balancer[qlearn],0.1172,0.07829321567844896,73.75117958932648,irm,1000,1000,10000,7,0.0,uniform
qlearning_balancer[lru],0.1971,0.07363700715689137,74.2547060983931,irm,1000,1000,10000,7,0.0,uniform
qlearning_balancer[oracle],0.0534,0.07627375496329108,73.9678299240264,irm,1000,1000,10000,7,0.0,uniform
qlearning_balancer[nocache],0.0,0.08029860116368139,73.53855507985877,irm,1000,1000,10000,7,0.0,uniform
Optimal_QLRU,0.1207,0.8215320837716362,24.989655953210193,irm,1000,1000,10000,8,0.0,uniform
qlearning_balancer[qlearn],0.1176,0.07652126324577276,73.94113674116402,irm,1000,1000,10000,8,0.0,uniform
qlearning_balancer[lru],0.1896,0.07576048304018554,74.02331204672237,irm,1000,1000,10000,8,0.0,uniform
qlearning_balancer[oracle],0.0581,0.08439544911017406,73.111571526459,irm,1000,1000,10000,8,0.0,uniform
qlearning_balancer[nocache],0.0,0.08943608969946029,72.59892639698721,irm,1000,1000,10000,8,0.0,uniform
Optimal_QLRU,0.1464,0.8086577288466661,25.939820549323624,irm,1000,1000,10000,3,0.0,uniform
qlearning_balancer[qlearn],0.1205,0.07169770281200799,74.46872906404214,irm,1000,1000,10000,3,0.0,uniform
qlearning_balancer[lru],0.2045,0.06422873657410248,75.31919442414977,irm,1000,1000,10000,3,0.0,uniform
qlearning_balancer[oracle],0.0633,0.07460403126096299,74.14895480646427,irm,1000,1000,10000,3,0.0,uniform
qlearning_balancer[nocache],0.0,0.0797832532103671,73.59296190925254,irm,1000,1000,10000,3,0.0,uniform
Optimal_QLRU,0.1327,0.8112609764778206,25.74973218033879,irm,1000,1000,10000,6,0.0,uniform
qlearning_balancer[qlearn],0.0743,0.07851330737859816,73.72772332352316,irm,1000,1000,10000,6,0.0,uniform
qlearning_balancer[lru],0.1997,0.06523136700045697,75.20245563861565,irm,1000,1000,10000,6,0.0,uniform
qlearning_balancer[oracle],0.0588,0.07911855056971197,73.66337413116378,irm,1000,1000,10000,6,0.0,uniform
qlearning_balancer[nocache],0.0,0.08306112174885275,73.24958136731397,irm,1000,1000,10000,6,0.0,uniform
Optimal_QLRU,0.127,0.822465034965035,24.919783722111244,irm,1000,1000,10000,9,0.0,uniform
qlearning_balancer[qlearn],0.1189,0.08026453964897892,73.54214612795529,irm,1000,1000,10000,9,0.0,uniform
qlearning_balancer[lru],0.1919,0.07466710358391476,74.14207934026416,irm,1000,1000,10000,9,0.0,uniform
qlearning_balancer[oracle],0.0514,0.08330184243548032,73.22460949287493,irm,1000,1000,10000,9,0.0,uniform
qlearning_balancer[nocache],0.0,0.08510944807958533,73.03812931956342,irm,1000,1000,10000,9,0.0,uniform
Optimal_QLRU,0.1307,0.8173516737872478,25.301007108659743,irm,1000,1000,10000,11,0.0,uniform
qlearning_balancer[qlearn],0.1329,0.07749157002780094,73.83687116310567,irm,1000,1000,10000,11,0.0,uniform
qlearning_balancer[lru],0.1977,0.07648728531427908,73.94479883342015,irm,1000,1000,10000,11,0.0,uniform
qlearning_balancer[oracle],0.0537,0.07802573841894617,73.77972661940616,irm,1000,1000,10000,11,0.0,uniform
qlearning_balancer[nocache],0.0,0.08139794143347699,73.4230241731077,irm,1000,1000,10000,11,0.0,uniform
Optimal_QLRU,0.1375,0.828560250826994,24.45968306912463,irm,1000,1000,10000,5,0.0,uniform
qlearning_balancer[qlearn],0.104,0.08271712537809583,73.28532403992807,irm,1000,1000,10000,5,0.0,uniform
qlearning_balancer[lru],0.2061,0.0687750927622068,74.79638540594149,irm,1000,1000,10000,5,0.0,uniform
qlearning_balancer[oracle],0.0571,0.08269386074224228,73.28774377223506,irm,1000,1000,10000,5,0.0,uniform
qlearning_balancer[nocache],0.0,0.08657474351577685,72.88827791771318,irm,1000,1000,10000,5,0.0,uniform
Optimal_QLRU,0.1258,0.819246215856953,25.16025221602684,irm,1000,1000,10000,10,0.0,uniform
qlearning_balancer[qlearn],0.1201,0.07597435198694819,74.00017298853406,irm,1000,1000,10000,10,0.0,uniform
qlearning_balancer[lru],0.1968,0.07370782350642924,74.24694020486571,irm,1000,1000,10000,10,0.0,uniform
qlearning_balancer[oracle],0.0534,0.08006150280840725,73.56356640558283,irm,1000,1000,10000,10,0.0,uniform
qlearning_balancer[nocache],0.0,0.08338782698483964,73.21569758414456,irm,1000,1000,10000,10,0.0,uniform
Optimal_QLRU,0.1335,0.8054045139075121,26.175988020827546,irm,1000,1000,10000,12,0.0,uniform
qlearning_balancer[qlearn],0.0872,0.07209819583996908,74.42431383759057,irm,1000,1000,10000,12,0.0,uniform
qlearning_balancer[lru],0.2075,0.06947413530383037,74.71743844129401,irm,1000,1000,10000,12,0.0,uniform
qlearning_balancer[oracle],0.0616,0.0751138589033617,74.0934550871311,irm,1000,1000,10000,12,0.0,uniform
qlearning_balancer[nocache],0.0,0.07719612065371236,73.86855538730167,irm,1000,1000,10000,12,0.0,uniform
Optimal_QLRU,0.1274,0.8235957686150651,24.834905517927304,irm,1000,1000,10000,13,0.0,uniform
qlearning_balancer[qlearn],0.1349,0.07871855601367268,73.70587604375075,irm,1000,1000,10000,13,0.0,uniform
qlearning_balancer[lru],0.1873,0.07676766033122885,73.91460269575775,irm,1000,1000,10000,13,0.0,uniform
qlearning_balancer[oracle],0.061,0.0832042398844958,73.23473062351827,irm,1000,1000,10000,13,0.0,uniform
qlearning_balancer[nocache],0.0,0.08546545570374384,73.00161465870809,irm,1000,1000,10000,13,0.0,uniform
Optimal_QLRU,0.125,0.809996614544762,25.842179986195507,irm,1000,1000,10000,14,0.0,uniform
qlearning_balancer[qlearn],0.1684,0.07971914373422785,73.59974134632384,irm,1000,1000,10000,14,0.0,uniform
qlearning_balancer[lru],0.1952,0.07630243246350796,73.96473509060588,irm,1000,1000,10000,14,0.0,uniform
qlearning_balancer[oracle],0.0487,0.08738292818076374,72.80611854162301,irm,1000,1000,10000,14,0.0,uniform
qlearning_balancer[nocache],0.0,0.0690374519406817,74.76671229990696,irm,1000,1000,10000,14,0.0,uniform
Optimal_QLRU,0.1359,0.8220599257946251,24.95014150007259,irm,1000,1000,10000,16,0.0,uniform
qlearning_balancer[qlearn],0.071,0.07794755490155711,73.7880793625379,irm,1000,1000,10000,16,0.0,uniform
qlearning_balancer[lru],0.2069,0.07371820268860259,74.2458022870202,irm,1000,1000,10000,16,0.0,uniform
qlearning_balancer[oracle],0.0644,0.08380768915812763,73.17224062600296,irm,1000,1000,10000,16,0.0,uniform
qlearning_balancer[nocache],0.0,0.08038399780739726,73.52955491041989,irm,1000,1000,10000,16,0.0,uniform
Optimal_QLRU,0.1268,0.8168651196674594,25.337063906691476,irm,1000,1000,10000,20,0.0,uniform
qlearning_balancer[qlearn],0.0917,0.073423455191427,74.27814556511889,irm,1000,1000,10000,20,0.0,uniform
qlearning_balancer[lru],0.1986,0.06863662342698301,74.81206756942835,irm,1000,1000,10000,20,0.0,uniform
qlearning_balancer[oracle],0.0696,0.0751568419684381,74.08878388377654,irm,1000,1000,10000,20,0.0,uniform
qlearning_balancer[nocache],0.0,0.07613370804195863,73.98295125521963,irm,1000,1000,10000,20,0.0,uniform
Optimal_QLRU,0.1382,0.8136316469840713,25.57574964977045,irm,1000,1000,10000,17,0.0,uniform
qlearning_balancer[qlearn],0.1403,0.07608106531648211,73.98863856463653,irm,1000,1000,10000,17,0.0,uniform
qlearning_balancer[lru],0.1976,0.07312771422180667,74.31065799220002,irm,1000,1000,10000,17,0.0,uniform
qlearning_balancer[oracle],0.0701,0.074212214452424,74.19172646752332,irm,1000,1000,10000,17,0.0,uniform
qlearning_balancer[nocache],0.0,0.0793088768383992,73.64318526931743,irm,1000,1000,10000,17,0.0,uniform
Optimal_QLRU,0.1333,0.7985976015564368,26.665359065203116,irm,1000,1000,10000,18,0.0,uniform
qlearning_balancer[qlearn],0.1232,0.07601857313700194,73.99539231410644,irm,1000,1000,10000,18,0.0,uniform
qlearning_balancer[lru],0.201,0.07110435907075298,74.53474268532214,irm,1000,1000,10000,18,0.0,uniform
qlearning_balancer[oracle],0.0624,0.083678501647189,73.18560135216978,irm,1000,1000,10000,18,0.0,uniform
qlearning_balancer[nocache],0.0,0.0837059836143063,73.18275835014225,irm,1000,1000,10000,18,0.0,uniform
Optimal_QLRU,0.1301,0.8197038573610494,25.1261657778329,irm,1000,1000,10000,15,0.0,uniform
qlearning_balancer[qlearn],0.1175,0.08493157336095995,73.05639935480023,irm,1000,1000,10000,15,0.0,uniform
qlearning_balancer[lru],0.197,0.08047537484302722,73.51992928272992,irm,1000,1000,10000,15,0.0,uniform
qlearning_balancer[oracle],0.0575,0.08893526633472626,72.64926662031282,irm,1000,1000,10000,15,0.0,uniform
qlearning_balancer[nocache],0.0,0.08993539832137751,72.54886479770701,irm,1000,1000,10000,15,0.0,uniform
Optimal_QLRU,0.1286,0.8349694970420708,23.968821744129755,irm,1000,1000,10000,19,0.0,uniform
qlearning_balancer[qlearn],0.1147,0.08238134163001135,73.32027866238381,irm,1000,1000,10000,19,0.0,uniform
qlearning_balancer[lru],0.1915,0.07662265692378524,73.93021310754088,irm,1000,1000,10000,19,0.0,uniform
qlearning_balancer[oracle],0.0585,0.0862206277150256,72.92438633958884,irm,1000,1000,10000,19,0.0,uniform
qlearning_balancer[nocache],0.0,0.0865801484046024,72.88772731144438,irm,1000,1000,10000,19,0.0,uniform
Optimal_QLRU,0.1346,0.8011351490126442,26.48366530472425,irm,1000,1000,10000,21,0.0,uniform
qlearning_balancer[qlearn],0.1115,0.08060344062717292,73.5064472615084,irm,1000,1000,10000,21,0.0,uniform
qlearning_balancer[lru],0.203,0.0725837357695701,74.37061908685983,irm,1000,1000,10000,21,0.0,uniform
qlearning_balancer[oracle],0.066,0.08604774826393431,72.94203887397772,irm,1000,1000,10000,21,0.0,uniform
qlearning_balancer[nocache],0.0,0.09169006351141062,72.37392378497883,irm,1000,1000,10000,21,0.0,uniform
Optimal_QLRU,0.1328,0.8173236534365083,25.30308460823683,irm,1000,1000,10000,22,0.0,uniform
qlearning_balancer[qlearn],0.1434,0.07632557735623013,73.96223771705552,irm,1000,1000,10000,22,0.0,uniform
qlearning_balancer[lru],0.1929,0.07149279250467795,74.49149815920691,irm,1000,1000,10000,22,0.0,uniform
qlearning_balancer[oracle],0.0606,0.08161245863210148,73.40056344487495,irm,1000,1000,10000,22,0.0,uniform
qlearning_balancer[nocache],0.0,0.08312378941544017,73.24307718661447,irm,1000,1000,10000,22,0.0,uniform
Optimal_QLRU,0.1343,0.8139767027619988,25.55035530237511,irm,1000,1000,10000,23,0.0,uniform
qlearning_balancer[qlearn],0.1451,0.06822072667062022,74.8592577379244,irm,1000,1000,10000,23,0.0,uniform
qlearning_balancer[lru],0.199,0.0678371565182744,74.90289824462896,irm,1000,1000,10000,23,0.0,uniform
qlearning_balancer[oracle],0.0611,0.0722856675804928,74.40356206824,irm,1000,1000,10000,23,0.0,uniform
qlearning_balancer[nocache],0.0,0.07579022668578106,74.02009220833021,irm,1000,1000,10000,23,0.0,uniform
Optimal_QLRU,0.1388,0.8212257950217026,25.01256387040835,irm,1000,1000,10000,24,0.0,uniform
qlearning_balancer[qlearn],0.1015,0.07584975498147899,74.01364983416231,irm,1000,1000,10000,24,0.0,uniform
qlearning_balancer[lru],0.1982,0.07308424467234421,74.3154419384342,irm,1000,1000,10000,24,0.0,uniform
qlearning_balancer[oracle],0.0545,0.08147605617276109,73.41484215791024,irm,1000,1000,10000,24,0.0,uniform
qlearning_balancer[nocache],0.0,0.08322101579316345,73.23299062146648,irm,1000,1000,10000,24,0.0,uniform
Optimal_QLRU,0.1396,0.8122003818050161,25.680890699931492,irm,1000,1000,10000,25,0.0,uniform
qlearning_balancer[qlearn],0.12,0.07718483697152216,73.86976655863116,irm,1000,1000,10000,25,0.0,uniform
qlearning_balancer[lru],0.2024,0.07424779084109438,74.18783858430096,irm,1000,1000,10000,25,0.0,uniform
qlearning_balancer[oracle],0.0659,0.08310569766746548,73.24495467231223,irm,1000,1000,10000,25,0.0,uniform
qlearning_balancer[nocache],0.0,0.07995754413871785,73.57454358756651,irm,1000,1000,10000,25,0.0,uniform
Optimal_QLRU,0.1294,0.8175079923204694,25.28941498597607,irm,1000,1000,10000,26,0.0,uniform
qlearning_balancer[qlearn],0.1448,0.07197277991328963,74.43821036961324,irm,1000,1000,10000,26,0.0,uniform
qlearning_balancer[lru],0.194,0.07526784614887752,74.07672612960224,irm,1000,1000,10000,26,0.0,uniform
qlearning_balancer[oracle],0.0525,0.07807570010488755,73.77439096419991,irm,1000,1000,10000,26,0.0,uniform
qlearning_balancer[nocache],0.0,0.07862795532679695,73.71551663664528,irm,1000,1000,10000,26,0.0,uniform
Optimal_QLRU,0.1393,0.8197551040732994,25.122346677974953,irm,1000,1000,10000,27,0.0,uniform
qlearning_balancer[qlearn],0.0959,0.08200639476662828,73.35938682768492,irm,1000,1000,10000,27,0.0,uniform
qlearning_balancer[lru],0.1971,0.07517720758027452,74.08657107051133,irm,1000,1000,10000,27,0.0,uniform
qlearning_balancer[oracle],0.0646,0.08923311122847509,72.61931340116325,irm,1000,1000,10000,27,0.0,uniform
qlearning_balancer[nocache],0.0,0.0924130646103726,72.3022787325242,irm,1000,1000,10000,27,0.0,uniform
Optimal_QLRU,0.1379,0.817089468881584,25.320442807984215,irm,1000,1000,10000,28,0.0,uniform
qlearning_balancer[qlearn],0.1045,0.08579785853664436,72.96758326137363,irm,1000,1000,10000,28,0.0,uniform
qlearning_balancer[lru],0.1941,0.08044164953360944,73.5234813151326,irm,1000,1000,10000,28,0.0,uniform
qlearning_balancer[oracle],0.0613,0.08722948883131708,72.82169053866642,irm,1000,1000,10000,28,0.0,uniform
qlearning_balancer[nocache],0.0,0.09053514506767886,72.48889834068153,irm,1000,1000,10000,28,0.0,uniform
Optimal_QLRU,0.1365,0.8194931693538637,25.141862603384467,irm,1000,1000,10000,29,0.0,uniform
qlearning_balancer[qlearn],0.144,0.06881971771591608,74.79133458115878,irm,1000,1000,10000,29,0.0,uniform
qlearning_balancer[lru],0.1977,0.0701486136489589,74.64161329595336,irm,1000,1000,10000,29,0.0,uniform
qlearning_balancer[oracle],0.0635,0.07498537325839463,74.10742564754078,irm,1000,1000,10000,29,0.0,uniform
qlearning_balancer[nocache],0.0,0.07609523735656634,73.9871072965739,irm,1000,1000,10000,29,0.0,uniform
