q_f,delta_jfi
0.0,0.0
0.0,0.0
0.0,-0.09999999999999998
0.9999996559066814,0.06470588235294117
0.0,-0.038461538461538436
0.9999969171472509,0.05517241379310345
0.0,-0.020000000000000018
0.9999229139505917,0.04117647058823526
0.999837387084199,0.037931034482758696
0.9995284209024994,0.03330184222957011
0.0,-0.042203742203742234
0.9986918943509081,0.028865979381443307
0.9976432692946187,0.02630643441166014
0.9956680248615222,0.02365970299521769
0.9923159854358118,0.02116788321167884
0.9871106172785582,0.018918918918918948
0.9796348804496618,0.01693013768485463
0.0,-0.04543625848629618
0.9787347019211985,0.01674208144796374
0.0,-0.037931034482758696
0.9751253600750671,0.01606046291922536
0.9676720459168165,0.014920969441517329
0.0,-0.032786885245901676
0.0,-0.02729970326409492
0.9612673852213067,0.014135101194474475
0.9550408605018677,0.013486961795027286
0.9475806091555822,0.012819472616632854
0.0,-0.0252696773686949
0.9388743686080974,0.012151408703132915
0.9310305866509557,0.011626487641135164
0.9221202714235874,0.011098215581024196
0.9122042312753467,0.010577139007410752
0.9013478319975977,0.010070239434979977
0.8896226133092019,0.009581956507909162
0.8771060252570455,0.009114927344782031
0.0,-0.02379412487549959
0.8723994784436347,0.008951525307162922
0.0,-0.021722255912674404
0.8657500376085486,0.00873066011187551
0.0,-0.019882765857365148
0.0,-0.01804826862539355
0.856481122690459,0.008440385666256045
0.8479654942992076,0.008189772924824257
0.8388428270041424,0.007936413740922355
0.8291810840439278,0.007683266324359006
0.8190426581110651,0.007432582415934252
0.8084856024979182,0.00718605343656098
0.0,-0.017226604510066856
0.8013031245272698,0.0070259776278081
0.0,-0.01605392442198894
0.7930439649523053,0.006848908258038633
0.0,-0.014985853198478005
0.7838852368161726,0.006660633484162903
0.7754122311008763,0.006493429110529969
0.7665973035781719,0.006326043506102885
0.0,-0.014189462336612335
0.0,-0.01324226951089913
0.0,-0.012308447214383733
0.0,-0.011392671057218862
0.0,-0.01049898190304055
0.0,-0.009630801046164983
0.0,-0.008790955720716087
0.0,-0.007981712658344242
0.0,-0.007204817549645193
0.679374689170939,0.004945574320044388
0.0,-0.0067763305340095
0.6629876537822506,0.004728850928868988
0.0,-0.006383981550840412
0.0,-0.0057311480472852505
0.0,-0.005108243889264563
0.6008945315085208,0.003993606804186922
0.6087571352546701,0.004080116410290047
0.6150136442457308,0.004150206021398484
0.6198827575896239,0.00420554583125754
0.6235468164714308,0.004247659069615328
0.0,-0.005878732342036286
0.0,-0.005351394877548432
0.5902085066380788,0.003878725223549595
0.0,-0.005082423018984206
0.0,-0.004603537467437135
0.5549352006943129,0.0035197190913028864
0.0,-0.004379239234943544
0.5407349946023843,0.0033831647031249412
0.5478030368008592,0.0034505975425012103
0.5536696449585965,0.003507373455559959
0.0,-0.004586945525268393
0.0,-0.004183221738093379
0.0,-0.0037951508999822803
0.5002376055738389,0.0030157500202444565
0.0,-0.003625843780134974
0.48744785677866975,0.002905881870757132
0.49565422024479033,0.002976057283508582
0.5027112451134843,0.0030373235906551166
0.5087404457410134,0.003090359422237121
0.5138479485922602,0.0031357993088442226
0.5181267863465662,0.003174235833678263
0.5216588093643464,0.003206221796414943
0.0,-0.004459503346860405
0.0,-0.004141318238492286
0.495884227496311,0.002978040564960316
0.4999247792773941,0.003013029349695273
0.0,-0.004115393974411741
0.0,-0.0038235501097328983
0.474595105393234,0.002798200373093307
0.47907003435183726,0.0028353898661066523
0.0,-0.0038087584182814327
0.4689771738548827,0.0027519577024934794
0.0,-0.0036678530276037513
0.0,-0.0034100880157434954
0.0,-0.0031602388357853117
0.4290568172770358,0.002436806865828367
0.0,-0.0030467116106124292
0.41959868552316304,0.002365371709553088
0.42555312705730597,0.002410207222891314
0.43083415991162777,0.0024503627324647947
0.0,-0.0031744100992002755
0.0,-0.0029539164889971214
0.4075695482098073,0.0022761817122058936
0.0,-0.0028539448956796942
0.39891514438537845,0.00221312679872554
0.0,-0.0027588816669086302
0.39048042196549604,0.0021525400396047445
0.0,-0.002668415620515341
0.0,-0.002476832080714142
0.0,-0.002291030505181535
0.0,-0.002110978095867466
0.3373667877311053,0.0017892768096164913
0.3451861334494283,0.0018408880736390243
0.0,-0.0021483962118509226
0.0,-0.0019804460738235274
0.3226816681247844,0.0016939735087789787
0.0,-0.0019196290774877722
0.0,-0.0017623006900459037
0.0,-0.0016099296180518419
0.28470032043003723,0.00145675518188626
0.29378984969957755,0.0015123583585512357
0.3021907400014415,0.0015643890436589647
0.309950334441605,0.0016130074126567973
0.0,-0.0018445505240998195
0.3034770917183832,0.0015724112857987693
0.31062533184501506,0.0016172624797622381
0.31722878543776767,0.0016591106386311116
0.0,-0.0019628137359997133
0.0,-0.0018254523931543476
0.0,-0.0016919276864360011
0.28510636078583074,0.0014592239291185694
0.29218763086446153,0.0015025053728542348
0.0,-0.0017260545606296862
0.0,-0.0016003753469931992
0.0,-0.0014782176962992999
0.26071657368524326,0.001313364803254835
0.2682008508220076,0.0013576051697413716
0.2751830934142149,0.0013992878202696568
0.2816932800171126,0.0014385157154193084
0.0,-0.0016648896908061372
0.2762946343107483,0.001405960534314521
0.28234339475710524,0.0014424525652949605
0.0,-0.0016919182019828893
0.2770631030843639,0.0014105797397415687
0.2826917790573267,0.0014445637172213477
0.2879430005992062,0.001476510067114023
0.2928377898587362,0.001506500891185536
0.0,-0.0018445993254146975
0.2876709339215271,0.0014748491429563693
0.0,-0.0017992599953720045
0.28262406177652366,0.00144415328129599
0.28719516208882934,0.0014719461550242174
0.29145984730786156,0.001498037167993127
0.29543428088880863,0.001522494205379643
0.2991336544264859,0.0015453829245474227
0.0,-0.001984601918508022
0.0,-0.0018841355759412481
0.2857284516902633,0.0014630089964532411
0.28946168085512225,0.001485793044580186
0.0,-0.0018933617254898172
0.0,-0.0017978936152540648
0.27643744656715574,0.0014068185963882485
0.0,-0.001756944107559888
0.2719416157559892,0.0013798871124511836
0.0,-0.001717357925306362
0.0,-0.001628433603097057
0.2592207482155028,0.001304576538663893
0.26323781693951653,0.00132821791861093
0.0,-0.001642042537718158
0.0,-0.0015573396145786012
0.0,-0.0014744152408892042
0.24261898273103044,0.0012082122906439396
0.24686377780696955,0.0012326485285952815
0.0,-0.0014907467334003277
0.24292240587056657,0.0012099544723703781
0.246919760893067,0.0012329717287840047
0.2506922496212597,0.0012548065137961695
0.25424997633789637,0.001275499234165256
0.0,-0.0015950770724626473
0.25037975029623827,0.001252993627870902
0.2537351881972204,0.0012724989833059475
0.0,-0.0016047109214731847
0.2499451964571936,0.001250473929265028
0.0,-0.0015719881034458316
0.0,-0.0014989359537743718
0.23923512417820647,0.0011888301575798677
0.0,-0.0014687886196734778
0.0,-0.0013986927155896778
0.22864294655041828,0.0011287126446698492
0.0,-0.0013709470900308274
0.0,-0.0013036801822574606
0.2181812189796195,0.001070140448338197
0.22188249988421072,0.0010907727729605465
0.0,-0.0013178482038963546
0.0,-0.00125340070503277
0.0,-0.00119019432908829
0.0,-0.001128221889739267
0.19769211590689817,0.0009576645626376834
0.0,-0.0011067487762913553
0.1947304148789012,0.0009416442142476944
0.0,-0.0010858775478426175
0.19183056834879664,0.000926015433938443
0.19579155177010243,0.000947377301907526
0.0,-0.001102925459199544
0.19292771775254658,0.0009319219375799603
0.19668836220251007,0.0009522284713970874
0.20027958929650513,0.000971709126171838
0.20370776419223013,0.0009903870873994025
0.0,-0.0011890317884007962
0.20084771028012816,0.0009747989172933513
0.0,-0.0011676071510692276
0.0,-0.0011129492389545526
0.1919118347807217,0.0009264526567099862
0.0,-0.0010931491729556653
0.0,-0.001040514427553818
0.0,-0.0009888402439848232
0.17692177850541868,0.0008465392977310415
0.1805492597832431,0.0008657434441889933
0.184025321493118,0.0008842258945264136
0.18735528827765935,0.0009020055387051196
0.0,-0.001068618691148271
0.1848097845995812,0.0008884078254081107
0.0,-0.0010503213854826665
0.0,-0.0010015832031794458
0.0,-0.0009537012944862422
0.17080865002682977,0.000814366653255294
0.1742014977596692,0.0008321933879970045
0.0,-0.0009681240106096389
0.0,-0.0009219690865290842
0.16621559011128306,0.0007903496146656197
0.16956557971542696,0.0008078535529704167
0.0,-0.0009362997668864725
0.16731290729402803,0.0007960754191032038
0.17051250556488218,0.0008128141108385556
0.1735875636054226,0.000828962227868546
0.0,-0.0009780242534732642
0.0,-0.0009343477536848388
0.0,-0.0008914037226297467
0.0,-0.0008491876873953919
0.0,-0.0008076948881872159
0.15010464081864683,0.000707139321397876
0.15344468071356754,0.0007242596910436161
0.0,-0.0008224522115448663
0.0,-0.0007823663907192691
0.14620690739891573,0.0006872451951077663
0.0,-0.000770143623727626
0.14431225053877417,0.0006776076002396048
0.14757940568031924,0.0006942400811118521
0.1507313741609253,0.0007103466959923477
0.153771629675452,0.0007259391935718895
0.15670353145006077,0.0007410291307218264
0.0,-0.0008617954324060539
0.0,-0.0008237035897168399
0.14995322966701985,0.0007063648134364442
0.0,-0.0008112586594909432
0.1480946315735937,0.0006968688184504357
0.15097110791382673,0.0007115741848872092
0.0,-0.0008234584766299013
0.0,-0.0007871939216395063
0.0,-0.0007515057699101213
0.0,-0.0007163903103420965
0.0,-0.0006818436563018615
0.0,-0.0006478617553169475
0.0,-0.000614440398516547
0.12080675841844324,0.0005597850562235607
0.0,-0.000605530087323336
0.11930787187294623,0.0005523790061343625
0.1225110597676794,0.00056822142367563
0.0,-0.0006201702481060112
0.0,-0.0005882784652379014
0.0,-0.0005569091541941518
0.0,-0.0005260581083491589
0.10708734363373429,0.0004924630961286036
0.0,-0.0005186482642401957
0.0,-0.0004887664974173589
0.1011497700898033,0.0004636471943788578
0.10448253873528701,0.00047979808161624504
0.0,-0.0005042888620822028
0.10321467178294508,0.00047364681525430274
0.0,-0.0004973309118649905
0.0,-0.00046875605792218167
0.0,-0.0004406509366624567
0.0,-0.0004130114209522917
0.08853077089575556,0.000403032365036915
0.0,-0.0004074187584175437
0.0,-0.00038062989947773573
0.0,-0.00035428915090995883
0.07854890106365431,0.000355676391688875
0.0,-0.0003495623065188358
0.0,-0.00032402900443595506
0.0,-0.00029892668794262445
0.06875959493520445,0.0003097296201198807
0.07230393209509622,0.000326309186406748
0.07575487518073398,0.0003425128518338427
0.0,-0.00033593464861902955
0.07485602281254944,0.00033828653290701727
0.0,-0.00033156845415083236
0.0,-0.0003074160524595415
0.06975593823837778,0.00031438389244498044
0.0,-0.0003034621092055101
0.0,-0.0002800288371097581
0.0,-0.00025698306494148504
0.060582825685708164,0.0002717201014771353
0.06400345839148558,0.0002875804233655188
0.0,-0.00027296763104689425
0.06325826610075591,0.0002841202851339153
0.06655987099763316,0.000299471539572882
0.06977909768564872,0.0003144921376965204
0.0,-0.00030707058112999785
0.06898256020104432,0.00031077073717744597
0.07209131652091383,0.00032531283678727263
0.0,-0.00032155568900282816
0.0,-0.0002995044844693595
0.0,-0.0002777999297518541
0.0,-0.0002564388363417436
0.0,-0.00023541798225468202
0.0,-0.00021473411491612637
0.0,-0.00019438395395354746
0.04813157374929544,0.00021447157157472585
0.05140805004423188,0.00022946326874551115
0.05460800317659187,0.00024415489585016825
0.05773305516072391,0.00025855071137892427
0.0,-0.0002442718491302287
0.0,-0.00022429105680243921
0.0,-0.00020462392594000622
0.0,-0.00018526745787039722
0.0,-0.0001662186321700343
0.042311578755363954,0.00018796866390080602
0.045498598999949236,0.00020246160014425474
0.04861393213809617,0.00021667538660574692
0.0,-0.0001975021911192476
0.048082220131535625,0.00021424614610821013
0.0,-0.00019521066796301945
0.047559097050052124,0.00021185746979623943
0.0,-0.00019295875952018982
0.0,-0.00017474564358865852
0.0,-0.0001568145638064511
0.04004279999323035,0.00017768077756696865
0.0,-0.0001550296499567283
0.0,-0.00013758491992199584
0.0,-0.00012041210716329243
0.0,-0.00010350852158613755
0.0,-8.687146238428589e-05
0.0,-7.049821963911462e-05
0.0,-5.438607586127908e-05
0.0,-3.85323074807431e-05
0.0,-2.293418628396271e-05
0.011990368905274496,5.244710091389937e-05
0.015263218269823575,6.687347909273278e-05
0.0,-3.7690665392275946e-05
0.0,-2.2435203441362184e-05
0.01173360935819745,5.1317354005209204e-05
0.014938264885751229,6.543897622246497e-05
0.018079111777365653,7.932406854072038e-05
0.02115730694940221,9.297535051311367e-05
0.024173986370501166,0.00010639553558244863
0.02713026540201824,0.00011958733011041556
0.0,-9.47625455900436e-05
0.026848784989594088,0.00011832955548174429
0.0,-9.374778963622266e-05
0.0,-7.870967303347243e-05
0.023428854516512665,0.0001030768420930972
0.0,-7.787444015905365e-05
0.0,-6.322368052336103e-05
0.0,-4.8794767860127486e-05
0.01697772717669399,7.445000470518437e-05
0.019875509227975985,8.728558254478269e-05
0.0,-6.190438090669659e-05
0.01967319972183601,8.638823145468155e-05
0.022487548471972985,9.88880394245939e-05
0.025247946077580852,0.00011118323475767244
0.0,-8.798792927233734e-05
0.024995040825499748,0.00011005531158436721
0.027676837158551182,0.00012203068573557463
0.030307332939017995,0.0001338091120433038
0.0,-0.00011322355170495513
0.030008527825175157,0.00013246956128565301
0.0,-0.00011206446200473508
0.0,-9.815196468332399e-05
0.026865770584765802,0.0001184054440560578
0.0,-9.71557998148409e-05
0.0,-8.35839754622647e-05
0.0,-7.020581604033627e-05
0.0,-5.701953261894044e-05
0.0,-4.4023332260390013e-05
0.015352942026224503,6.726964695102922e-05
0.0,-4.3585071382135077e-05
0.0,-3.090577678654949e-05
0.0,-1.84102061947522e-05
0.0,-6.096594442395187e-06
0.006890604059326955,3.0062843019429408e-05
0.0,-6.036824630295534e-06
0.0013739790067370805,5.977929484313194e-06
0.004089493921489273,1.7816864214870165e-05
0.006757855906832311,2.9481711362078222e-05
0.0,-5.919892021144513e-06
0.006692914120107307,2.9197443959794178e-05
0.009290108904830063,4.0580570030979146e-05
0.0,-1.7530898622108992e-05
0.0,-5.806324248402994e-06
0.0013218009050908197,5.750761975953367e-06
0.003934889378957918,1.7141962716182846e-05
0.006503601921611923,2.83688803657256e-05
0.009028611882647919,3.943311650933534e-05
0.0,-1.7033219195772276e-05
0.0,-5.642003588324229e-06
0.0012845930819038731,5.588777734266692e-06
0.003824614251130787,1.6660638218590762e-05
0.006322201195417709,2.757509106132705e-05
0.0,-5.536301529107668e-06
0.0012606537286430353,5.484560960944407e-06
0.0037536513741480704,1.6350930446829004e-05
0.0012489341707631052,5.4335423436135954e-06
0.0037189078133754716,1.6199304971764583e-05
0.006148277631402133,2.681415704486323e-05
0.008537637040136437,3.727952800147705e-05
0.010887571267488072,4.7596846159403405e-05
0.013198657437871852,5.776753829067616e-05
0.0,-3.7378149942868255e-05
0.0,-2.6518606531689137e-05
0.010691086873499622,4.6733248543873174e-05
0.012961577970762472,5.672309657334118e-05
0.0,-3.669668916705948e-05
0.012845420975813204,5.621146431333823e-05
0.0,-3.636292578490519e-05
0.012730814872520368,5.570672220556183e-05
0.014925585626411553,6.538301337488672e-05
0.017084693934216855,7.492313555557129e-05
0.0,-5.635095550249325e-05
0.016934331712761708,7.425807439909171e-05
0.01904037431118044,8.358250671403056e-05
0.0,-6.583761847622771e-05
0.018874291840406898,8.284645544420766e-05
0.020928929126898033,9.19610596110676e-05
0.022950329341144715,0.00010094690544915075
0.024938963901541378,0.00010980525572623634
0.026895297848843924,0.00011853736969680284
0.0,-0.00010436685620307529
0.0,-9.382435225369079e-05
0.024514384153715207,0.0001079124541047971
0.02643948612840319,0.00011650128243456681
0.0,-0.00010253141678262523
0.0,-9.217931202643026e-05
0.0,-8.195373997543776e-05
0.02198761076911937,9.666496131444102e-05
0.0,-8.123901772227882e-05
0.021802315997612953,9.584129778794637e-05
0.023696969641881283,0.00010427069058382976
0.0,-8.97916732269799e-05
0.0,-7.983733138938742e-05
0.0,-7.000372393717313e-05
0.019381000246801117,8.509249700905386e-05
0.0,-6.940291212464977e-05
0.01921964488516159,8.43771454408504e-05
0.021083982332747664,9.264966923328011e-05
0.022919588135598357,0.00010081011065066203
0.0,-8.674975538147667e-05
0.0,-7.714060752395113e-05
0.020738002877549566,9.11132833631978e-05
0.02254510148147293,9.91440339568328e-05
0.024324566579262297,0.00010706650260849937
0.0,-9.404174182670033e-05
0.024127079872504953,0.00010618654710359277
0.025865958404817868,0.00011394071782933057
0.0,-0.00010189078987832279
0.025657684648328738,0.00011301123457241324
0.027357151157633264,0.00012060141742076258
0.029030721515913793,0.00012808891408544465
0.0,-0.00011804678317428596
0.028799856851284167,0.00012705526644896104
0.0,-0.00011706662306376625
0.02857171880649012,0.0001260340680203642
0.030195720310696506,0.0001333087015648049
0.03179510940388697,0.00014048500114882678
0.0,-0.00013266073967721503
0.0,-0.00012337791814587273
0.029723951185734898,0.0001311941807186079
0.0,-0.0001223674128100205
0.0,-0.000113265496082815
0.0,-0.00010426476941760576
0.025880825241514138,0.00011400707308528713
0.02747046846546397,0.0001211079884091415
0.029036636080716716,0.00012811539852530807
0.030579625878633054,0.0001350301675762111
0.03209973210792383,0.00014185315674142274
0.033597245507532625,0.00014858522410610142
0.0,-0.00014309438567183808
0.03334141092291132,0.0001474343819032331
0.0348064802243524,0.00015402895269878147
0.0,-0.0001496988389088072
0.034543497890515695,0.00015284447965024928
0.0,-0.00014850371695185327
0.034283462023613986,0.0001516735946917036
0.03570728508772625,0.00015808862734001394
0.0371101040980768,0.00016441829649693762
0.0,-0.00016247058124829739
0.0,-0.00015369113341567875
0.0,-0.00014500288970054065
0.03352060213927499,0.0001482404208436039
0.0,-0.00014386339126826186
0.03327192495280973,0.00014712185992382665
0.0,-0.00014273725780311608
0.03302598447917293,0.00014601589182450248
0.03440274806111454,0.00015221067463078164
0.0357596650803963,0.0001583248059200404
0.0,-0.00015620289667916953
0.0,-0.0001477769150101116
0.0,-0.00013943698750529254
0.0,-0.0001311825820706769
0.030708870731902316,0.0001356098661486893
0.0,-0.00013017405075166355
0.030485039926359647,0.00013460597264425278
0.0,-0.0001291770944419346
0.0,-0.0001211373299199181
0.028692634141689544,0.00012657528303350318
0.0,-0.00012021544908946691
0.0,-0.00011232097365443394
0.02692668907536999,0.00011867762777462154
0.0,-0.00011147157630642113
0.026732404092396966,0.00011780962226015657
0.0,-0.00011063177078196595
0.0,-0.00010293987543119609
0.0,-9.532676465862089e-05
0.023473034494263967,0.00010327354174555214
0.0,-9.461490204576428e-05
0.023304792899837556,0.00010252453817061191
0.0,-9.391097936439774e-05
0.0,-8.64913634137654e-05
0.02162912954014784,9.507159861443792e-05
0.0,-8.58518848204648e-05
0.021475166969940007,9.438745128931281e-05
0.0,-8.521946892436905e-05
0.0,-7.798685105808723e-05
0.0,-7.082815140890819e-05
0.018352645449671856,8.053541105268458e-05
0.0,-7.031094954623729e-05
0.0,-6.327861171273597e-05
0.0,-5.631843497555522e-05
0.0,-4.9429942173606634e-05
0.0,-4.261265528338054e-05
0.0,-3.586609552819198e-05
0.0,-2.918978348775969e-05
0.0,-2.2583239202900174e-05
0.007968465986013085,3.478427774761261e-05
0.00935981142051967,4.0886477017609835e-05
0.0,-2.8773773340873277e-05
0.0,-2.2262215943591457e-05
0.007856760662152129,3.429472881455453e-05
0.0,-2.210426506710217e-05
0.0,-1.570653246030229e-05
0.0,-9.375436645697732e-06
0.004954975460378708,2.1596921972788508e-05
0.0,-9.309491342590626e-06
0.004920431646656898,2.144598620223981e-05
0.006288605810093606,2.7428097313708655e-05
0.007640273713984125,3.3346130983491484e-05
0.0,-2.1488977583361546e-05
0.0,-1.5270435560266193e-05
0.0,-9.11577683648801e-06
0.0,-3.0245655211480482e-06
0.0006905973392717923,3.003634397646948e-06
0.0020608031867522802,8.969258971758265e-06
0.003414887133997402,1.4872744214522449e-05
0.0,-2.9829198011643854e-06
0.003391490400105668,1.4770671913244549e-05
0.0,-2.96241875563652e-06
0.0006764606144774588,2.942128335625682e-06
0.0020187426608055947,8.786013340311705e-06
0.0033454121478079246,1.4569654568696855e-05
0.0,-2.9220456657652605e-06
0.0006672758938229828,2.902167919427434e-06
0.0019914134107460457,8.666951786251431e-06
0.0033002660866037203,1.4372712940691201e-05
0.004593982637209004,2.001985828425923e-05
0.0,-8.627802705496457e-06
0.0,-2.863016130283391e-06
0.000653845583862056,2.8437366700329036e-06
0.0019514481356066593,8.492846483854066e-06
0.0032342404752420117,1.4084704067163223e-05
0.004502364847167262,1.9619700077355695e-05
0.005755962358192757,2.5098225010178332e-05
0.0,-1.406581784368921e-05
0.0057178183051598275,2.4931424384422307e-05
0.0069489639118517355,3.0318349558799973e-05
0.0,-1.952621552081535e-05
0.0069032106467107335,3.01180349223662e-05
0.008112410820628746,3.541519772898294e-05
0.0,-2.489464475530223e-05
0.0,-1.9267922308219276e-05
0.006813047751910162,2.9723315297824904e-05
0.0,-1.914069331943047e-05
0.006768626476816975,2.9528858796701307e-05
0.0,-1.9014720313181854e-05
0.0,-1.3516271980984484e-05
0.005496711335334248,2.396466887488735e-05
0.0,-1.3427819030353838e-05
0.005461108613599053,2.3809021655440965e-05
0.0,-1.3340231512337652e-05
0.005425850347658745,2.3654885811685844e-05
0.0,-1.3253498173937395e-05
0.005390932112587898,2.3502241840001048e-05
0.0,-1.3167607944231108e-05
0.0,-7.863316043632551e-06
0.004161975646257421,1.8133307710721525e-05
0.0,-7.81264042837293e-06
0.0,-2.5930785547689794e-06
0.002950843207183418,1.2848719690428112e-05
0.0,-2.5764563419405917e-06
0.0005886251848670199,2.5599934464493046e-06
0.0017573130675289095,7.647212841188633e-06
0.0029134169727262904,1.2685518404498275e-05
0.004057049969662052,1.7675226626323592e-05
0.005188324301359293,2.2616653878815285e-05
0.00630735138554217,2.7510116369922066e-05
0.0,-1.7707385635445938e-05
0.0,-1.2589090125247893e-05
0.0,-7.518625552038749e-06
0.0,-2.4956949262744388e-06
0.00057023707922077,2.479998809645778e-06
0.0017025621230938315,7.408752735527102e-06
0.0028229067835549015,1.2290863909636407e-05
0.0039313765698524294,1.712662932484843e-05
0.0,-7.377803321939602e-06
0.0,-2.449047565411533e-06
0.002787879489041134,1.2138142882256453e-05
0.0038827361249434977,1.6914319623584362e-05
0.004966047624188508,2.1645301804151806e-05
0.006037915204765043,2.6331378792376903e-05
0.007098439363931508,3.097283977393506e-05
0.0,-2.175015098371258e-05
0.007054974843216932,3.0782516736493903e-05
0.008097975787067169,3.5351923866611124e-05
0.0,-2.6375969955805267e-05
0.0,-2.148217398989516e-05
0.0,-1.6632457220389085e-05
0.005891624946362861,2.56915175643746e-05
0.0,-1.6530381195978272e-05
0.0,-1.175413840415196e-05
0.004786690449958386,2.0861666707117088e-05
0.0,-1.1682382372368849e-05
0.004757743409711024,2.073520651491023e-05
0.0,-1.161128141036194e-05
0.0,-6.935906773253286e-06
0.0,-2.3026512726564974e-06
0.0005262712188967011,2.2887380356495513e-06
0.0015716219529154918,6.838514113871597e-06
0.0026063913271715533,1.1346929906896897e-05
0.003630667939727883,1.5814238308653472e-05
0.0046445398007207706,2.024069212791524e-05
0.0,-1.1333271064728478e-05
0.0,-6.7701990779100996e-06
0.0035874810902096765,1.562578927105651e-05
0.0,-6.729700047114484e-06
0.003566175876193567,1.5532825389907856e-05
0.0045622655538940515,1.9881323693460295e-05
0.0055483193604799474,2.4190297631232482e-05
0.0,-1.555931448227188e-05
0.0,-1.1065127017095833e-05
0.004508623670377743,1.9647035511827227e-05
0.005483262905153663,2.390587465983529e-05
0.0,-1.5375390108318676e-05
0.005451162507855267,2.3765540478226654e-05
0.0,-1.5284648444913174e-05
0.005419342900874424,2.3626438305446307e-05
0.0063731672951503615,2.7798098379383518e-05
0.007317473574519728,3.193207656959629e-05
0.00825234003634101,3.6028604750937276e-05
0.0,-2.808812548438233e-05
0.008204701406313575,3.581976180400126e-05
0.009125008120984601,3.985606965473121e-05
0.0,-3.2169662681047484e-05
0.009072625956892733,3.9626229844769156e-05
0.009978657265130586,4.3603381599255364e-05
0.0,-3.618995492504773e-05
0.009921693226747963,4.3353222742625874e-05
0.0,-3.597970736424205e-05
0.009865214660046084,4.310521005479462e-05
0.0,-3.577128641851779e-05
0.00980921607462848,4.285931906156115e-05
0.010691468289951045,4.673492479756458e-05
0.0,-3.96871348788963e-05
0.0,-3.535984029445771e-05
0.009698637270598054,4.23738059933676e-05
0.0,-3.5156773830924415e-05
0.0,-3.0890232841529475e-05
0.008718241594987908,3.807159914037683e-05
0.0,-3.071370534135642e-05
0.008669312325884637,3.7856997488816546e-05
0.0,-3.053868657065806e-05
0.008620793144618943,3.764420492380349e-05
0.009483006273915406,4.142720119926224e-05
0.0,-3.4361750612554864e-05
0.0,-3.0193106891229782e-05
0.0,-2.6058523420080526e-05
0.0,-2.195781811387132e-05
0.006718729397033774,2.9310442039243156e-05
0.0075788332216667476,3.307695006149469e-05
0.0,-2.5765894706153425e-05
0.0,-2.1711740050167627e-05
0.00664447926238132,2.898544385743218e-05
0.0074952944983173175,3.271097988000182e-05
0.008338038765749234,3.640432458973386e-05
0.00917277472694511,4.006566814407364e-05
0.0,-3.3218836931414586e-05
0.0,-2.9190843545578993e-05
0.00824686836354871,3.6004616979612436e-05
0.009072735371876917,3.96267099176395e-05
0.0,-3.285051267154504e-05
0.009023327239571999,3.940993052431452e-05
0.0,-3.266864322759577e-05
0.008974320921369294,3.919492477666431e-05
0.009783776037501468,4.27476159049478e-05
0.01058560724018387,4.626971015986303e-05
0.0,-4.0013758735635285e-05
0.010528563793350099,4.6019048921430716e-05
0.011318706654794952,4.9492394408656715e-05
0.0,-4.351877731156861e-05
0.011258030855865186,4.9225574627054236e-05
0.0,-4.3280392720279615e-05
0.0,-3.9359277955730576e-05
0.01036016738492207,4.527916298291412e-05
0.011138130635841126,4.8698365592625414e-05
0.0,-4.2809461092252477e-05
0.011078895973707925,4.843793053699308e-05
0.0,-4.257687180475589e-05
0.01102013156179038,4.817957842861986e-05
0.0,-4.234617251097639e-05
0.0,-3.8511318831813135e-05
0.010141839303781874,4.432007887800182e-05
0.010903993739396323,4.766903476249862e-05
0.011659118012460667,5.098964559202557e-05
0.0,-4.546620925482969e-05
0.011597914276845644,5.072041160181229e-05
0.0,-4.522203151391402e-05
0.011537190095622263,5.0453303637176816e-05
0.012277836206157633,5.37123109408677e-05
0.013011667947789851,5.6943744554338593e-05
0.0,-5.2023284167423967e-05
0.012944055757551531,5.664591329679336e-05
0.013667523826013217,5.9833844724299645e-05
0.0,-5.5232775261204736e-05
0.013596862018169675,5.952237343598288e-05
0.0,-5.493921669341706e-05
0.013526745248032213,5.92133266821282e-05
0.014236537128272553,6.234282098560584e-05
0.014939823065865943,6.544585366097255e-05
0.0,-6.151680977406482e-05
0.0,-5.778091800912044e-05
0.014091001298962125,6.170096541502357e-05
0.0,-5.747648762988167e-05
0.01401906637013739,6.13837463298017e-05
0.014712168551299976,6.44411557726432e-05
0.015398963142479682,6.74728634074695e-05
0.0,-6.391573141273366e-05
0.015320933061211628,6.712830985977636e-05
0.01599821804061463,7.01198739008202e-05
0.01666933619687394,7.308623085455768e-05
0.017334333030747717,7.602752901170184e-05
0.017993253771702133,7.894391636964482e-05
0.0,-7.68679539367989e-05
0.0,-7.317922175198444e-05
0.017161032403247733,7.526082413822355e-05
0.01781380481935735,7.814948032214275e-05
0.0,-7.607137971343825e-05
0.0,-7.242219632974667e-05
0.0,-6.879875031673421e-05
0.0,-6.520092834727542e-05
0.015523198788551906,6.802150092011239e-05
0.0,-6.486529267080154e-05
0.0,-6.13119287143915e-05
0.0,-5.7783767107855155e-05
0.0,-5.428069489687992e-05
0.013262755410248794,5.804996178959687e-05
0.0,-5.4003459747153926e-05
0.013197044092788324,5.776042993177466e-05
0.013851525687224253,6.0645014124283136e-05
0.014500255307542842,6.350613675376593e-05
0.0,-6.0069265242379544e-05
0.0,-5.6614651972486385e-05
0.0,-5.3184374895653974e-05
0.0,-4.977832520103309e-05
0.0,-4.63963938880374e-05
0.011580249523841402,5.0642707812298404e-05
0.0,-4.6162644953828824e-05
0.0,-4.2822023343602744e-05
0.010817040500309516,4.7286826218573275e-05
0.0,-4.260720324544831e-05
0.010764114213065112,4.7054201774088256e-05
0.011411077598230457,4.9898623961541766e-05
0.012052510039323172,5.2720567216280045e-05
0.01268844966797178,5.552015445653424e-05
0.0,-5.160111642310561e-05
0.0,-4.829901673575332e-05
0.01193581870517213,5.22070544322073e-05
0.012565883077365503,5.498044118656953e-05
0.0,-5.10890431353328e-05
0.0,-4.782053940233233e-05
0.0,-4.457475190344784e-05
0.011137231663937652,4.8694412996375114e-05
0.0,-4.4354613066066584e-05
0.011083643694779766,4.845880410819792e-05
0.0,-4.413610054132544e-05
0.011030440692621268,4.822490042455385e-05
0.0,-4.391919835389224e-05
0.01097761898727001,4.7992685536457635e-05
0.0115957114560985,5.071072174889224e-05
0.0,-4.665498718914307e-05
0.0,-4.349016206206535e-05
0.0,-4.0347135275231594e-05
0.01020664132822835,4.460472284661954e-05
0.0,-4.0150640703506824e-05
0.010158117094727026,4.439157759250634e-05
0.0,-3.9955577730954595e-05
0.01010993737488497,4.417995597039148e-05
0.0,-3.976193248755866e-05
0.010062098921800544,4.3969843497859706e-05
0.010668495865372218,4.663396645743223e-05
0.011269903583413066,4.927778325791721e-05
0.0,-4.531170054078437e-05
0.011216936301557179,4.904487200907415e-05
0.0,-4.509346713277296e-05
0.0,-4.203700243476938e-05
0.010518797483021092,4.5976135091163606e-05
0.01111211329922479,4.858397411866555e-05
0.011700578681723695,5.117203970705919e-05
0.012284225442012908,5.3740435627336325e-05
0.012863085231949567,5.6289265503162156e-05
0.0,-5.30936939499016e-05
0.012803445151469584,5.602658981862518e-05
0.0,-5.2840364018313934e-05
0.012744217765064514,5.5765747486891115e-05
0.0,-5.2588842116896295e-05
0.0,-4.957563499341511e-05
0.0,-4.6582391651783794e-05
0.011431885806644448,4.999013967799115e-05
0.012002740088771668,5.2501541770944016e-05
0.012568974102398323,5.4994051472134764e-05
0.0,-5.184495403076639e-05
0.012511360038261699,5.4740374388018154e-05
0.0,-5.1600494690329235e-05
0.0,-4.86454318971985e-05
0.0,-4.570977656304098e-05
0.0,-4.2793447449507305e-05
0.0,-3.9896363197233775e-05
0.0,-3.7018442333169865e-05
0.0,-3.415960327968204e-05
0.0,-3.131976436143713e-05
0.008160632356465136,3.562657646816181e-05
0.008731599901674492,3.8130189934704184e-05
0.0,-3.384247913829075e-05
0.008691878020016697,3.795596832822934e-05
0.009255879416941837,4.043035321088517e-05
0.009815461670402703,4.288674291796912e-05
0.01037065244011559,4.5325227658654654e-05
0.0,-4.1612305135330097e-05
0.0,-3.8796960855180807e-05
0.009727031544529585,4.24984702011022e-05
0.0,-3.861815104710953e-05
0.00968326306503764,4.230630749679776e-05
0.0,-3.844057426238834e-05
0.00963978875832594,4.211544474652662e-05
0.0,-3.82642191927296e-05
0.0,-3.55064593478005e-05
0.0,-3.276662836948496e-05
0.008421249536496145,3.6769167806038894e-05
0.008968282445612208,3.9168432867331404e-05
0.0,-3.5183050472453736e-05
0.0,-3.2468656676054586e-05
0.0083462431278577,3.644029580629482e-05
0.008888567742242337,3.8818724858558085e-05
0.0,-3.4864039288096116e-05
0.008849107648834287,3.864562403188554e-05
0.0,-3.4706157960973094e-05
0.0,-3.202926143464069e-05
0.008235595553162334,3.595519748300635e-05
0.0,-3.1884776626189826e-05
0.00819920083178638,3.5795648486325327e-05
0.0,-3.174126710980829e-05
0.0,-2.9105963891828956e-05
0.007594561272845413,3.314585565861172e-05
0.00812713027106815,3.54797192394507e-05
0.0086556872884328,3.779724055108513e-05
0.0,-3.393260717410307e-05
0.0,-3.1316503235623294e-05
0.0,-2.871708452933941e-05
0.007494990462240114,3.270964800139442e-05
0.008020790360028562,3.501360843960466e-05
0.008542658405613857,3.73015480800154e-05
0.0,-3.3480823873777155e-05
0.008505472905264044,3.713848200559422e-05
0.0,-3.333223260804097e-05
0.008468529262489866,3.697648258249586e-05
0.008982151272805994,3.922927821620181e-05
0.0,-3.559994529522825e-05
0.0,-3.3038001792218274e-05
0.008395359215171538,3.665564667132415e-05
0.008904697649377069,3.888948441133078e-05
0.0,-3.528658937135276e-05
0.0,-3.274764896243898e-05
0.0,-3.022459575563463e-05
0.007780623134487907,3.396108744635473e-05
0.008287366568390797,3.6182163932640954e-05
0.008790378906966767,3.838800958255728e-05
0.0,-3.482425472156603e-05
0.008752760651144498,3.82230045957721e-05
0.009250005290744157,4.040457500753547e-05
0.0,-3.701926608501438e-05
0.0,-3.4521060257031166e-05
0.008678243705972255,3.7896169344131536e-05
0.0091714093398777,4.0059676724713e-05
0.0,-3.66978652847072e-05
0.0,-3.422180737999714e-05
0.008604672672709146,3.757350701327766e-05
0.0,-3.407363772534033e-05
0.0,-3.1623682653192375e-05
0.008043331872719772,3.511240858533604e-05
0.008532031637004112,3.7254946887776974e-05
0.009017187592356368,3.9382993426428925e-05
0.0,-3.6067491438473986e-05
0.0,-3.363485579854775e-05
0.0,-3.1217068765965195e-05
0.007942028569770776,3.466841070864923e-05
0.008424779832989504,3.678464730527686e-05
0.008904055210924078,3.888666610540881e-05
0.0,-3.560530683033303e-05
0.008866816357959717,3.8723306527987944e-05
0.0,-3.5453217638869994e-05
0.0,-3.306287317694778e-05
0.008319534312905219,3.63231947336784e-05
